id,naslov,objava,letoobjave,zahtevnost,priprava,kolicina,stmnenj,stfoto,zadnjafoto,letofoto,zdravajed
3603,Torta Nutella,20.4.2004,,3,75,,1079,477,6.9.2016,,
12619,Čokoladno - mascarponejeve kocke,16.5.2009,,2,45,,513,91,18.5.2016,,
8100,Skutino pecivo za požrešne sosede,12.10.2006,,1,,,299,59,17.4.2016,,
5814,"Biskvit za torto, ki nikoli ne pade dol",4.12.2005,,2,45,,339,246,29.1.2016,,
4364,Super dobra jabolčna pita,29.11.2004,,1,90,,171,62,28.5.2016,,
9431,Moji mehki medenjaki,22.12.2006,,2,,,329,141,28.12.2015,,
4026,Njami bučke s sirom,13.9.2004,,1,,,240,35,16.8.2016,,
6549,Odlično testo za pizzo,5.5.2006,,2,90,dva pekača,314,46,8.3.2016,,
1176,Orehova potica,10.5.2001,,3,4+ ur,,261,65,28.4.2016,,
1773,Kruhovi cmoki,27.3.2002,,1,,,136,12,19.2.2016,,
4551,Kokosove rezine,24.1.2005,,2,60,,278,44,19.2.2016,,
6221,Najboljši marmorni kolač,12.3.2006,,2,,,229,54,18.1.2016,,
2789,Piščančji žur,12.8.2003,,1,,,352,16,2.2.2014,,
5851,Razpokani piškoti,11.12.2005,,1,60,50 kos,265,55,28.12.2014,,
10070,Božanska čokoladna rulada,16.5.2007,,2,60,,197,25,31.1.2016,,
11564,»Narkočok« Muffini,22.7.2008,,3,30,12 kom,182,51,15.2.2016,,
3309,Čufti v paradižnikovi omaki,28.2.2004,,3,,4 osebe,121,7,8.12.2013,,
2785,Babičina dobrota,11.8.2003,,1,45,,266,44,18.7.2016,,
6783,Malinovo - jogurtova sanjsko fina torta,20.6.2006,,3,90,,150,62,17.8.2016,,
4670,Pustni krofi,15.2.2005,,2,90,za 24 kosov,410,93,28.2.2016,,
4255,Kokosova potica,31.10.2004,,2,180,velik pekač ali okrogel model,205,35,1.1.2016,,
10197,Bučni polpeti,1.7.2007,,2,45,9 polpetov,133,18,23.8.2015,,
5684,Čokoladni huzarski krapki,1.11.2005,,3,,32 piškotov,337,89,20.3.2015,,
3866,Kinder pingvin (2.verzija),21.7.2004,,2,120,,207,47,16.8.2016,,
17686,Cake pops,29.9.2012,,3,120,cca. 40 kosov,140,114,14.6.2016,,
1426,Pecivo ''na suho'',7.11.2001,,1,,,276,27,2.12.2014,,
1553,Sarma a la Riko,12.12.2001,,3,,,113,8,5.1.2016,,
17588,"Kokosovi piškotki- ""Biscottini cocco""",2.9.2012,,2,45,približno 60 piškotkov,176,41,15.2.2016,,
14811,Jogurtovo pecivo s sadjem,26.2.2011,,2,60,,38,8,6.5.2015,,
6359,Kokosova torta,10.4.2006,,3,,Tortni model 24 cm,280,39,28.2.2015,,
13180,Orehovo pecivo,12.11.2009,,1,45,,60,12,21.7.2014,,
14831,Piščanec z rižem v pečici,3.3.2011,,2,60,4 osebe,134,32,27.3.2016,,
2096,Buhteljni,22.10.2002,,3,120,,141,47,6.10.2016,,
11044,Ledena torta Karmen,5.2.2008,,3,120,12 oseb,224,87,27.7.2016,,
13505,Trikrat pečeno pecivo,14.2.2010,,2,60,pekač cca. 32 x 25,45,11,7.6.2016,,
13016,Skutino pecivo,29.9.2009,,2,60,,52,11,3.10.2015,,
13379,Božično novoletni piškoti,31.12.2009,,2,45,,79,27,1.1.2016,,
1190,Sočno skutino pecivo,29.5.2001,,1,,,113,10,3.7.2012,,
4440,Moj domači kruh,28.12.2004,,1,,1 kg kruha,121,27,19.2.2016,,
65,Musaka,2.10.2000,,3,,,88,7,26.3.2014,,
4377,Preprosti keksi,4.12.2004,,1,90,40 piškotov,123,37,3.10.2015,,
11201,Kraljevski krompir,13.3.2008,,2,45,,140,20,11.5.2016,,
14392,Klasična mesna lazanja,9.11.2010,,3,60,za 4 osebe,43,10,19.2.2016,,
14137,Ameriške palačinke,5.9.2010,,2,15,12 palačink,125,44,27.9.2016,,
1667,Potratna potica št. 2,30.1.2002,,4,180,,119,35,5.4.2015,,
13276,Piščančji file v listnatem testu,9.12.2009,,1,60,Za 4 osebe,77,23,28.5.2016,,
16159,Ferrero torta,8.12.2011,,3,60,,119,52,31.1.2016,,
4123,Rumove kroglice,7.10.2004,,1,30,,54,18,26.9.2015,,
16802,"Čokoladna torta (presna, veganska)",4.3.2012,,1,45,,103,22,21.6.2015,,Bolj zdrava jed
380,Pijana nevesta,12.7.1999,,2,60,,85,9,3.10.2015,,
1670,Pasulj,1.2.2002,,1,,za 4 osebe,54,1,24.11.2008,,
3726,Bezgov sirup,4.6.2004,,1,,,144,4,23.6.2015,,
6140,Goveji zrezki v omaki,23.2.2006,,2,,za 2 osebi,68,5,3.4.2016,,
1276,Sacher torta,8.8.2001,,1,,,114,47,12.7.2016,,
11629,Zdrav pirin kruh dr. Nine,17.8.2008,,1,75,1 hlebec,96,19,11.6.2015,,Bolj zdrava jed
393,Rižev narastek,2.6.2000,,1,75,,85,10,3.2.2015,,
4000,Rafaelo pecivo,5.9.2004,,1,,,84,10,6.7.2015,,
7199,Polnjena paprika na klasičen način,20.9.2006,,3,180,8 - 10 paprik,56,6,24.9.2013,,
6780,Makov biskvit s kremo,20.6.2006,,2,90,pekač 25x35cm,95,18,20.1.2015,,
2706,Borovničevi muffini,2.7.2003,,1,45,4 osebe,108,27,2.7.2014,,
5698,Pizza muffini,5.11.2005,,2,60,12 muffinčkov,89,20,2.3.2015,,
12726,Češnjev ciganski štrudelj,25.6.2009,,1,75,,66,13,29.6.2015,,
17720,Zelo dobro pecivo s sadnim jogurtom,9.10.2012,,1,30,,72,14,2.4.2014,,
19139,Nutelina zvezda,2.12.2013,,2,45,,80,65,8.3.2016,,
4178,Čokoladna torta,17.10.2004,,3,90,,157,66,6.8.2016,,
9457,Mehki cimetovi keksi,24.12.2006,,2,,,123,40,8.1.2016,,
2192,Ričet po babičino,17.11.2002,,1,,za 4 osebe,55,4,25.10.2013,,
15352,Trojni užitek,24.6.2011,,3,60,,49,10,14.4.2015,,
4663,Pustni krofi,8.2.2005,,3,,12 krofov,664,80,12.2.2016,,
1509,Domači prijatelj,28.11.2001,,1,45,,30,16,1.1.2016,,
2728,Slani rogljički,11.7.2003,,2,90,za 64 kosov,94,33,27.1.2015,,
13535,Ajdovčki,22.2.2010,,1,30,,94,33,2.3.2016,,
1736,Londonske rezine,28.2.2002,,1,60,,77,9,13.3.2016,,
10540,Rogljički s čokolado,7.10.2007,,2,120,24 rogljičkov,164,63,20.6.2016,,
5044,Goveji golaž,3.6.2005,,2,120,za 8 oseb,84,5,3.4.2016,,
4842,Osnovno vlečeno testo,25.3.2005,,1,,,92,13,9.2.2015,,
4108,Kokosove kocke,4.10.2004,,1,,,69,11,22.9.2014,,
12037,Najboljši razpokani čokoladni piškotki,16.12.2008,,3,60,približno 30,139,26,1.1.2016,,
141,Slivovi cmoki,24.9.1998,,1,60,,91,10,7.12.2014,,
1896,Marelični cmoki iz skutnega testa,17.7.2002,,1,,12 cmokov,137,14,20.7.2016,,
11754,Sarajevsko pecivo,29.9.2008,,3,60,,50,8,3.8.2016,,
378,Pehtranova potica,24.12.1999,,1,180,,54,17,22.8.2016,,
9450,Kruh brez gnetenja,23.12.2006,,1,4+ ur,,332,68,2.3.2016,,
410,Tiramisu,26.1.1999,,1,30,,62,10,10.8.2014,,
10855,Brizgani piškot,26.12.2007,,3,120,za 60 kosov,64,33,18.12.2015,,
16994,Jaffa kroglice,13.4.2012,,2,45,cca. 30kroglic,90,21,19.8.2016,,
12581,Čokoladni sufle,6.5.2009,,3,60,odvisno od modelčkov,87,24,31.10.2014,,
12221,Marmorni kolač,30.1.2009,,2,60,,61,13,27.10.2015,,
1929,Piščančja obara z žličniki,11.8.2002,,1,90,4 osebe,93,11,5.11.2014,,
1660,Lazanja z mesno omako,29.1.2002,,3,,,75,10,24.12.2014,,
2535,Ledeni veter,10.4.2003,,1,120,,100,12,6.9.2016,,
11585,Borovničevo pecivo,1.8.2008,,1,75,,46,17,23.6.2015,,
6880,Jogurtovo poletno pecivo,10.7.2006,,2,240,Tortni model ali srednje velik pekač,121,22,14.5.2015,,
3158,Jagermaister tete Pehte,29.1.2004,,3,,,144,4,19.12.2010,,
14346,"Enostavni čokoladni ""cookies""",30.10.2010,,2,30,ca. 20 kosov,63,16,1.2.2016,,
5737,Orehova rulada,18.11.2005,,1,45,,153,15,29.1.2016,,
5428,Bučkina kremna juha,25.9.2005,,2,30,4 osebe,72,12,8.1.2015,,
1957,Hitro pripravljene miške,26.8.2002,,1,30,,77,13,4.10.2016,,
5600,Slastne Nušine rezine,16.10.2005,,1,30,,153,13,23.6.2015,,
3387,Segedin golaž,13.3.2004,,3,,,66,5,13.10.2013,,
3081,Be mel,31.12.2003,,1,30,,154,9,11.1.2016,,
4104,Jabolčna pita,3.10.2004,,1,90,,30,8,21.9.2013,,
5692,"Hitro, dobro in poceni",7.11.2005,,1,30,Sestavine za en pekač ca. 35 x 32,96,20,14.12.2014,,
14759,Cupcakes,13.2.2011,,2,90,6,76,64,10.3.2014,,
3867,Princeske,22.7.2004,,1,60,16 - 20 kosov,136,42,15.5.2016,,
3618,Palačinke,23.4.2004,,1,,,104,7,28.2.2015,,
1501,Bananine kocke,27.11.2001,,3,45,,85,9,31.1.2013,,
2054,Zdrobovi cmoki,27.9.2002,,1,,6 cmokov,90,4,6.1.2014,,
4342,Krhki žepki z marmelado,21.11.2004,,1,120,30 piškotov,62,22,6.1.2013,,
3914,Vložen stročji fižol,8.8.2004,,1,,4 osebe,41,7,23.8.2015,,
13212,Marshmallow fondant,21.11.2009,,2,30,,270,143,13.6.2016,,
10189,Rafaelo kroglice,29.6.2007,,1,30,,70,21,28.12.2015,,
301,Blejska grmada,29.3.2000,,3,60,,111,17,31.8.2014,,
9777,Bučke polnjene z mesom,25.2.2007,,2,75,4,61,16,30.10.2014,,Bolj zdrava jed
13838,"Kremšnite, kremne rezine-kot z Bleda + VIDEO priprave",26.5.2010,,5,30,15,66,4,12.12.2014,,
10155,Fina skutina torta,15.6.2007,,2,60,za model s premerom 26 cm,96,42,21.7.2014,,
5554,Zebrino pecivo,9.10.2005,,1,90,,179,51,26.5.2016,,
11757,Gogina alpska torta,16.9.2008,,2,90,12 kosov,204,28,13.8.2016,,
10273,Jogurtova torta brez pečenja,30.7.2007,,1,30,,35,6,9.7.2015,,
7200,Kinder paradiso,20.9.2006,,2,45,1 velik pekač,70,7,2.5.2015,,
2482,Muffini za čokoholike,29.3.2003,,1,45,,157,24,22.11.2015,,
10373,Metino-melisin sirup,24.8.2007,,2,15,,66,5,18.7.2016,,
10578,Žemlje - Dafke,17.10.2007,,4,75,16,143,44,2.3.2015,,
2022,Linške oči,14.9.2002,,1,,,77,35,14.12.2015,,
12615,Moje štručke,15.5.2009,,3,90,4 štručke,202,35,24.1.2014,,
4543,Bela limonina pita,22.1.2005,,1,90,,121,16,1.1.2016,,
3152,Lunice,25.1.2004,,1,45,60 kosov,83,9,15.5.2016,,
11562,Polnjene paprike,20.7.2008,,2,120,za 5-6 paprik,36,6,29.7.2016,,
9494,Mini pizze,2.1.2007,,2,,,108,11,7.5.2013,,
5510,Miške,5.10.2005,,3,,,46,6,23.2.2015,,
6599,Pizza muffini - nekvašeni,15.5.2006,,2,30,12 kom.,77,20,10.3.2014,,
10247,Trojne čokoladne kocke,17.7.2007,,3,120,16 kosov,124,30,18.5.2014,,
2271,Pasji smrčki,25.12.2002,,1,75,,104,14,30.10.2014,,
9713,Jogurtova pita,15.2.2007,,2,75,,60,14,13.6.2016,,
4972,Mafini,8.5.2005,,2,,za 12 kosov,43,8,17.2.2014,,
5928,Jota moje mame,2.1.2006,,1,,,66,6,4.5.2014,,
1371,Štefani (Stephanie) pečenka po moje,5.10.2001,,3,,,30,9,25.9.2012,,
3232,Miške s skuto,13.2.2004,,1,90,,99,12,24.6.2014,,
2889,Nočna potica,24.9.2003,,1,,,136,16,6.1.2014,,
6439,Krhka pita za vsak okus,16.4.2006,,1,60,,149,20,12.2.2016,,
6415,Pašta fižol,13.4.2006,,1,60,4 osebe,47,6,5.9.2014,,
373,Orehovi rogljički,7.1.1998,,1,,,49,13,22.12.2015,,
14695,Zdrobovi hrustavci,27.1.2011,,1,30,,33,9,23.8.2014,,
14387,Res najbolj pravi tiramisu,9.11.2010,,2,30,5 porcij,47,7,2.12.2014,,
4142,Sarma,11.10.2004,,3,,,17,1,15.11.2008,,
10079,Jogurtovo - sadna torta,18.5.2007,,2,240,,75,17,17.5.2015,,
6387,Šmorn (praženec),9.4.2006,,1,30,,65,9,10.7.2014,,
13284,Slastni skutini štruklji,11.12.2009,,2,45,za štiri osebe,34,5,27.9.2016,,
854,Španska pita,21.2.2001,,1,,,132,23,21.7.2014,,
1390,Potratna potica,15.10.2001,,3,,,68,20,10.1.2015,,
7062,Namaz iz paprike in gorčice,26.8.2006,,1,120,4 kozarci od kumar  720ml,74,8,26.9.2015,,
5858,Preprosti piškoti,13.12.2005,,2,180,1 velika škatla cca. 70 kosov,49,58,25.12.2015,,
13432,Zrezki iz mletega mesa - drugačni,20.1.2010,,2,60,za 8 oseb,59,8,20.1.2015,,
8139,"Višnjeva torta ""črni gozdiček""",18.10.2006,,3,,,90,57,6.9.2016,,
4413,Muffini,17.12.2004,,3,,12 do 18 kosov,83,5,4.6.2014,,
13727,Torta z Nutello in banano,20.4.2010,,2,45,16 kosov,30,32,8.4.2015,,
10851,Nebeški poljubčki,25.12.2007,,3,120,za 45 piškotkov,99,23,20.6.2016,,
11944,Vsestransko testo,26.11.2008,,3,120,,78,18,28.10.2015,,
6670,Polnjena francoska štruca,30.5.2006,,2,60,za 6-8 oseb,88,7,24.9.2015,,
5350,Serdiški valovi,7.9.2005,,3,120,,72,11,9.9.2016,,
8194,Chilli con carne,28.10.2006,,2,,za 4 osebe,67,13,28.4.2016,,
17130,Biskvit s skuto,3.5.2012,,2,60,,38,9,30.9.2013,,
16858,Afrodiziačna torta,18.3.2012,,4,4+ ur,,101,16,10.8.2016,,
12038,Brownies na hitro,17.12.2008,,1,45,,94,12,19.4.2013,,
17146,Popolna čokoladna torta Hershey's,5.5.2012,,2,60,1 torta ali 30 muffinov,141,59,24.11.2015,,
6801,Fižolova juha,24.6.2006,,3,,,42,1,11.6.2006,,
9342,Krhki flancati moje babice,14.12.2006,,1,45,,103,16,6.3.2014,,
457,Kvašeni rogljički,21.11.2000,,1,,,39,20,28.4.2016,,
10205,Piščančji trakci v smetanovi omaki,3.7.2007,,2,30,za 2 osebi,73,10,20.3.2013,,
11694,Bučna kremna juha,12.9.2008,,1,45,za 6 oseb,41,9,30.5.2014,,
16806,Okusni srčki z vanilijevo kremo,5.3.2012,,3,4+ ur,približno 45,64,27,28.2.2016,,
11144,Piškoti,3.3.2008,,2,120,,28,4,30.11.2015,,
9745,Ocvrte jogurtove miške,19.2.2007,,1,,,53,10,1.2.2016,,
1520,Hitro jabolčno pecivo,1.12.2001,,1,45,,38,5,20.9.2011,,
10408,Jogurtova bomba,2.9.2007,,2,15,,112,14,30.10.2015,,
12857,Kvašeni polži z vanilijevo kremo in rozinami,14.8.2009,,3,180,približno 20 polžev,116,27,23.8.2014,,
10602,Sarma na način mame Vide,23.10.2007,,4,180,4 - 6 oseb,32,12,28.2.2016,,
1699,Rafaello kroglice,18.2.2002,,3,5,cca. 10 os/odvisno od velikosti kroglic,136,13,5.8.2014,,
6766,Mesne kroglice v paradižnikovi omaki- čufte,16.6.2006,,2,,12 krogljic,41,5,2.3.2016,,
4139,Vložena rdeča pesa,10.10.2004,,3,,,52,4,24.8.2015,,
3262,Dušeno sladko zelje,19.2.2004,,1,,4 osebe,43,2,3.3.2010,,
2481,Štrudelj  - jabolčni/sirov zavitek,28.3.2003,,3,120,4 - 6 oseb,16,9,6.2.2016,,
4956,Kremna porova juha,3.5.2005,,1,,4 osebe,38,6,24.3.2014,,
2430,Piščančji paprikaš,2.3.2003,,1,,,28,5,18.8.2012,,
12210,Najlepši in najboljši krofi v Sloveniji,28.1.2009,,3,180, približno 24 krofov,63,12,6.7.2016,,
16782,Paradižnikova mezga,1.3.2012,,2,120,,29,7,17.8.2016,,
3263,Testo za pizzo,19.2.2004,,1,60,en pekač,60,2,17.12.2012,,
10410,Pirin kruh,2.9.2007,,2,120,,39,8,28.3.2016,,Bolj zdrava jed
5163,Svinjski zrezki v naravni omaki,14.7.2005,,2,,za 2 osebi,16,1,13.11.2009,,
9677,"""Ta pravi"" Italijanski tiramisu",9.2.2007,,3,60,,67,10,9.4.2016,,
5076,Sirov burek,14.6.2005,,2,,,77,17,19.2.2016,,
6213,Ruske kape,10.3.2006,,3,4+ ur,"odvisna od velikosti kozarca, vsaj 30,40kom",75,24,8.11.2014,,
5228,Koruzni kruh - slasten na kvadrat,5.8.2005,,3,,,137,22,27.9.2015,,
11067,Palačinke (osnovni recept),18.2.2008,,1,30,za 2 osebi,52,9,27.3.2016,,
4630,Skutine ledene kocke,9.2.2005,,2,,,55,1,18.9.2013,,
3332,Kvašeni flancati,3.3.2004,,1,75,,73,20,2.3.2015,,
16589,Angelske solze,26.1.2012,,3,90,,51,18,16.8.2015,,
683,Krostata,5.1.2001,,3,45,,65,18,22.1.2016,,
6827,Čokoladni muffini by Polly,29.6.2006,,3,,za 12 kosov,72,18,6.7.2016,,
6285,Carbonara špageti,22.3.2006,,1,,4,29,5,15.5.2013,,
5513,Zdrobov narastek,10.10.2005,,1,45,,46,9,23.6.2015,,
10074,Bajadera,16.5.2007,,1,30,,63,12,8.3.2016,,
17221,Ganache,26.5.2012,,1,180,"za manjšo tortico, premera 23 cm",66,19,10.2.2015,,
1758,Ciabatta,18.3.2002,,3,,,172,15,13.2.2013,,
12041,Čarobni kruhki,17.12.2008,,2,60,7 kuhkov,79,17,27.1.2015,,
9797,Kokosova torta,3.3.2007,,3,,12 kosov,73,35,7.3.2013,,
1855,Super kremšnite,10.6.2002,,3,,35 kosov,55,7,11.2.2014,,
13328,Brezmejno dobro,22.12.2009,,1,45,4 roladice,63,16,8.4.2015,,
4608,Zdrobovi svaljki,4.2.2005,,1,,,39,8,25.2.2015,,
18282,Piškoti iz samo treh sestavin,16.3.2013,,1,30,Za 15-do 18 piškotov,69,10,26.10.2014,,
1926,Orehi,11.8.2002,,1,,,95,18,15.8.2012,,
4828,Vanilijevi rogljički Migla,21.3.2005,,1,30,,87,19,28.12.2015,,
5886,Jogurtovo pecivo,18.12.2005,,1,45,1 pekač,25,3,12.4.2015,,
1340,Bananina rolada-preprosta a odlična,6.9.2001,,1,,,25,4,7.6.2011,,
2032,Čajno pecivo Mignon,17.9.2002,,3,4+ ur,,56,7,30.9.2013,,
13038,Mafini z banano in čokolado,3.10.2009,,1,30,12 mafinov,47,15,30.10.2014,,
4372,Bananino - čokoladni mehki keksi,3.12.2004,,1,90,40 piškotov,98,11,25.1.2011,,
9409,Špargljeva kremna juha,20.12.2006,,1,45,3 osebe,29,2,16.10.2009,,
13726,Pravljične rezine,20.4.2010,,1,45,30x22cm,45,10,26.9.2015,,
5766,Enostavno skutino pecivo,25.11.2005,,1,,,24,3,11.4.2013,,
5691,Čokoladna torta Noa,3.11.2005,,3,,,126,46,12.7.2016,,
5047,Čebelji pik,4.6.2005,,3,120,,70,9,28.2.2012,,
4461,Lignji s krompirjem v pečici,3.1.2005,,1,,4 osebe,30,4,8.6.2014,,
6419,Bezgov sirup,13.4.2006,,2,75,5 - 6 l,158,3,9.11.2014,,
4037,Prave kremne rezine,16.9.2004,,3,60,ožji pladenj za peko z malo višjim robom,71,3,23.11.2011,,
7125,Biskvitno pecivo s slivami,7.9.2006,,1,,srednje velik pekač,53,13,19.4.2015,,
14123,Čokoladna ledena torta,1.9.2010,,3,4+ ur,,42,11,27.10.2015,,
7171,Srbska solata ge. Marjetke,15.9.2006,,2,90,cca. 6 l kozarcev,45,1,3.9.2006,,
11526,Poletne bučke,9.7.2008,,1,30,2 - 3 osebe,59,11,20.8.2012,,
4888,Najboljši mlečni kruhek,7.4.2005,,2,,"za  eno pletenico, slabo kilo",65,21,14.4.2015,,
10601,Segedin golaž po Mojčino,23.10.2007,,2,60,,39,3,17.4.2016,,
2428,Sočno pecivo - imitacija jajca na oko,2.3.2003,,3,,za približno 12 kosov,74,9,27.4.2015,,
11994,Jota na najbolj enostaven način,6.12.2008,,1,120,8,23,4,12.2.2016,,
8164,Gobova omaka na moj način,22.10.2006,,1,,,42,7,28.4.2016,,
6063,Jogurtova pita,9.2.2006,,3,75,Pekač premera 25 cm,57,7,15.7.2015,,
15639,Čokoladno-pomarančna torta,11.9.2011,,2,75,8-10 kosov,66,17,4.1.2016,,
333,Jogurtove miške,8.2.1999,,1,,,53,4,6.2.2016,,
14062,Bučkini zrezki,12.8.2010,,1,30,za 4 osebe,51,5,30.6.2011,,
10276,Boranja,1.8.2007,,2,45,za 4 osebe,25,3,23.7.2015,,
4164,Najboljša krema za princeske in podobno,15.10.2004,,1,,,61,5,8.10.2012,,
7092,Moto piškoti,31.8.2006,,3,60,,57,19,25.12.2015,,
5937,Krompirjev golaž po moje,5.1.2006,,2,90,za 4 osebe,80,1,24.1.2006,,
6622,Gobice,21.5.2006,,3,,,55,45,9.4.2016,,
3300,Bele kučme,26.2.2004,,1,120,,60,15,24.1.2013,,
17887,Orehova potica,3.12.2012,,3,150,12 ljudi,43,4,25.12.2015,,
14228,Ekspresni smetanovi svaljki,3.10.2010,,1,30,3 osebe,59,4,26.6.2012,,
18042,Ajdov kruh z orehi,9.1.2013,,1,120,,19,8,1.2.2015,,
10124,Čokoladni piškoti z vanilijevo kremo,5.6.2007,,3,90,45 piškotov,46,14,25.12.2015,,
4768,Lepinja,10.3.2005,,1,60,2 kosa,113,10,17.7.2014,,
12329,Huda čokoladna pita,24.2.2009,,1,45,za en velik pekač za pito,52,14,9.4.2016,,
2108,Ferdinandovi kolački,28.10.2002,,1,,na osebo 3 - 4 kose,67,8,6.10.2016,,
17668,Čokoladni mafini,23.9.2012,,1,45,12 kosov,12,8,28.11.2014,,
17268,Sladki zobotrebec,8.6.2012,,1,15,,55,22,10.12.2015,,
12042,"""Ponarejena"" tičina masa",17.12.2008,,2,5,,197,40,17.5.2013,,
12220,Marmorni cheesecake,29.1.2009,,3,75,za eno tortico,59,8,6.1.2014,,
9693,Hitri skutni štruklji,12.2.2007,,1,,,72,4,22.5.2012,,
4534,Pehtranov biskvit,19.1.2005,,1,,za 4 osebe,58,6,4.6.2014,,
386,Prekmurska gibanica,21.6.2000,,3,,,24,8,2.12.2015,,
4964,Kruhki za žur,6.5.2005,,3,,Za 4 osebe,56,21,4.8.2013,,
14254,"Biskvit, skutna krema in jagode ali drugo sadje",10.10.2010,,2,60,4 lačne osebe,17,14,7.4.2014,,
16686,Zdrave kocke iz ajdove kaše,12.2.2012,,1,45,,40,8,29.1.2016,,Bolj zdrava jed
14873,Zeljanica - najboljša špinačna pita,12.3.2011,,2,60,,19,1,12.3.2011,,
11147,"Krompirjeva solata, posebno dobra",3.3.2008,,1,45,za 4 osebe,30,1,23.3.2008,,
3073,Krompirjeva musaka,28.12.2003,,1,,za 4 osebe,45,3,30.1.2009,,
6337,Schillerjeva torta,30.3.2006,,4,,,189,37,4.12.2014,,
6302,Panna cotta a la Mamamia,25.3.2006,,2,150,za štir osebe,99,18,22.11.2015,,
1860,Vampi po tržaško,17.6.2002,,1,,,29,5,24.10.2011,,
11986,Sanjska jogurtova torta z marelicami,4.12.2008,,2,45,,31,18,21.10.2014,,
6251,Jogurtova strjenka,18.3.2006,,2,240,,52,5,4.4.2016,,
8226,Vložene paprike,5.11.2006,,3,,9 - 10 kozarcev,15,3,8.9.2013,,
18195,"Muffini s čokolado, polnjeni z nutello",22.2.2013,,2,30,,15,3,26.9.2015,,
4709,Jogurtova torta,24.2.2005,,2,,,61,12,25.8.2014,,
6566,Zrezki v gobovi omaki,9.5.2006,,2,30,za štiri osebe,49,5,28.2.2016,,
12572,Božanske rezine,4.5.2009,,2,60,,39,7,20.11.2013,,
3830,Skutin zavitek,12.7.2004,,3,,,42,7,28.5.2016,,
18232,Potratna potica,3.3.2013,,3,180,,66,9,10.12.2015,,
9604,Piščančja obara - Ajmoht,25.1.2007,,2,,,34,2,21.4.2012,,
11424,Torta Bounty Nutella,19.5.2008,,2,60,,29,8,30.10.2014,,
19348,Vliti ajdov kruh z orehi,5.2.2014,,1,90,,66,12,19.4.2015,,
7116,Bela pita,5.9.2006,,3,60,,53,12,7.5.2012,,
866,Zelo dobra špinača ali blitva,13.3.2001,,1,,,33,2,24.8.2013,,
10358,Jagodno - borovničeva svečana torta,22.8.2007,,3,4+ ur,12 kosov,163,77,1.2.2016,,
8284,Dušeno rdeče zelje,17.11.2006,,1,30,,26,1,25.11.2006,,
1274,Bajadera - dobra,8.8.2001,,1,,,55,5,27.10.2011,,
2649,Ajdovi štruklji,6.6.2003,,3,,4,31,6,6.12.2012,,
1208,Hitra sirova omaka,26.6.2001,,1,,,24,2,13.7.2012,,
6850,"Cimetove ""rolce"" (Kanelbullar)",3.7.2006,,1,120,,86,26,20.9.2015,,
2943,Sanjske višnjeve rezine,25.10.2003,,3,,,35,8,22.6.2014,,
2028,Kokosovo pecivo,16.9.2002,,1,,,51,5,27.11.2014,,
14129,Čupavci - kokosove kocke,2.9.2010,,2,60,,11,4,14.2.2015,,
7129,Ruske kape,7.9.2006,,5,,,17,11,5.1.2015,,
14625,Navadni keksi,6.1.2011,,3,180,,8,9,27.3.2016,,
3695,Zelenjavna lazanja,21.5.2004,,1,,,25,4,1.11.2015,,
6943,Stročji fižol s korenčkom v omaki,29.7.2006,,2,,,51,13,18.5.2016,,
404,Sirovi štruklji,8.8.2000,,3,,,25,1,6.5.2007,,
14691,Marmorni kolač (iz jogurta),26.1.2011,,1,45,,22,5,18.10.2015,,
4256,Ciganski zrezki,1.11.2004,,1,,4 osebe,41,5,30.1.2014,,
4589,Goveji golaž,1.2.2005,,1,,6,35,4,27.3.2016,,
11315,Rižota s šparglji,13.4.2008,,2,30,2 osebi,20,5,14.4.2014,,
6841,"Jagodna torta, ki vedno uspe",2.7.2006,,3,,,22,11,8.5.2015,,
11367,"Piščanec ""Sezam, odpri se""",25.4.2008,,3,60,za 4 osebe,45,9,30.12.2013,,
4535,Tatarska omaka,20.1.2005,,1,,,25,2,8.9.2013,,
14851,Pecivo s kislo smetano in orehi,7.3.2011,,2,60,,11,3,11.1.2016,,
12332,Domači prijatelj tete Dragice,24.2.2009,,1,60,,27,11,19.1.2014,,
4702,Hitri kokosovi piškoti,22.2.2005,,1,,,42,7,3.12.2013,,
7167,Vložena pečena paprika,4.9.2006,,1,180,,54,6,13.10.2013,,
2405,Krompirjev golaž,17.2.2003,,1,,za 2 osebi,23,1,7.12.2007,,
14421,Tortilja po mehiško,16.11.2010,,2,75,za 4 osebe (8 tortilj),16,5,16.3.2016,,
18344,Krhki čokoladni piškoti,5.4.2013,,2,90,3 pekači,59,21,9.2.2015,,
5801,Jogurtovi žepki,2.12.2005,,2,,,42,5,8.6.2014,,
12807,Mesni polpeti iz pečice,28.7.2009,,1,45,,32,6,3.4.2016,,
16693,Božanski domači krofi,13.2.2012,,3,120,33 kosov,41,11,6.2.2016,,
17311,Brownie Cheesecake,20.6.2012,,2,180,1 pekač 25*15cm,40,9,9.6.2016,,
14477,Slana torta,2.12.2010,,2,45,1 srednji pekač  33x33cm,25,12,10.4.2015,,
6523,Kokosovi kolački brez moke,30.4.2006,,1,90,,62,11,30.9.2014,,
4573,Vanilijeva krema za torte ali peciva,29.1.2005,,2,60,Za 1 torto,33,5,24.4.2013,,
2924,Goveji zrezki v čebulni omaki,8.10.2003,,1,,,19,1,12.11.2007,,
5034,Makove ali sirove štručke,28.5.2005,,3,120,cirka 20 komadov ,78,17,29.8.2015,,
14884,Puranji zrezki v okusni smetanovi omaki,15.3.2011,,2,75,2,10,2,13.6.2011,,
2267,Črno-belo biskvitno pecivo,23.12.2002,,3,,,42,7,10.10.2013,,
2266,Čokoladni liker,23.12.2002,,1,,,74,14,20.11.2014,,
14375,Makroni,5.11.2010,,4,4+ ur,približno25 - 30 makronov,73,29,28.10.2015,,
8142,Babičina marelična marmelada,18.10.2006,,2,,,33,5,24.8.2015,,
4233,Rožičevo pecivo,28.10.2004,,3,,,44,6,9.7.2015,,
3787,Beli kruh - hlebec,25.6.2004,,1,,,81,13,28.1.2014,,
448,Čokoladna potica,21.11.2000,,3,,,33,3,27.3.2016,,
13927,Testenine z bučkami v smetanovi omaki,6.7.2010,,2,30,za 4 osebe,26,2,7.1.2011,,
13422,Limonin kolač,17.1.2010,,2,75,,44,10,28.12.2013,,
11270,Nevzhajana orehova potica,2.4.2008,,2,120,,28,12,28.3.2016,,
3197,Manchmellow,6.2.2004,,1,45,,69,9,25.10.2011,,
11088,Kukiji s čokolado,21.2.2008,,2,90,za 4 velike pekače,47,18,27.10.2015,,
3202,"Rogljiči, štručke, žemljice",7.2.2004,,1,,32 kosov,66,17,1.1.2016,,
5914,Sirove palčke (ali slani piškoti),6.1.2006,,2,45,,40,15,18.8.2012,,
6042,Prebranac,5.2.2006,,2,,6-8 oseb,26,4,13.3.2016,,
10068,"Narastek iz ajdove kaše, skute in zelenjave",15.5.2007,,3,90,4 osebe,10,4,3.4.2016,,Bolj zdrava jed
4835,Pinca (primorski velikonočni kruh),23.3.2005,,4,,,61,16,28.3.2016,,
731,Jota,19.1.2001,,1,,,41,2,10.4.2008,,
4733,Žemljice,3.3.2005,,2,,,149,20,11.2.2014,,
4153,Vloženi feferoni,13.10.2004,,3,,,39,6,14.9.2011,,
12364,Bananino pecivo,5.3.2009,,1,90,,42,6,30.12.2010,,
2400,Bučkini polpeti,16.2.2003,,1,,,15,1,3.9.2007,,
13801,Okusni slivovi cmoki,13.5.2010,,2,75,12 cmokov,40,7,17.7.2014,,
6842,Jabolčna pita z zdrobom,2.7.2006,,1,45,18 -20 kos,48,12,28.2.2016,,
1620,Rižota z morskimi sadeži a la Orlando,6.1.2002,,1,,Za 4 osebe,58,4,21.5.2014,,
826,"Cesarski praženec, šmoren",9.2.2001,,1,,,48,3,16.7.2012,,
11126,Enostavna puding torta,28.2.2008,,2,45,za 8 kosov,26,10,17.11.2013,,
10234,Buhtlji,11.7.2007,,3,120,približno 16 kosov,57,14,10.11.2015,,
11283,Čoko koko rezine,5.4.2008,,2,45,,33,6,12.1.2015,,
9760,Skutine rezine,22.2.2007,,1,,,61,12,11.4.2013,,
4808,Prekmurska gibanica po moje,20.3.2005,,3,180,30 koščkov,86,23,6.12.2015,,
13612,Kokosovi razpokanci - piškoti,16.3.2010,,2,45,3 pekači majhnih piškotov,11,6,7.1.2015,,
11510,Pečen slivov džem,2.7.2008,,1,180,,147,6,6.10.2010,,
14193,Torta nutella brez moke,22.9.2010,,3,120,12 kosov,21,5,13.7.2012,,
10202,Majhni babičini prigrizki,2.7.2007,,2,30,,15,4,26.10.2007,,
11662,Piščančji file v smetanovi omaki,29.8.2008,,2,15,za 4 osebe,25,3,20.5.2013,,
6487,Telečja obara z žličniki,24.4.2006,,1,60,8 oseb,17,4,24.3.2013,,
445,Kokosove kroglice,21.11.2000,,1,,,20,6,8.10.2015,,
17563,Švicarska maslena krema (Swiss Meringue Buttercream),28.8.2012,,2,30,30 rozet na malih torticah oz. 500g kreme,58,16,31.1.2016,,
18376,Kruh na japonski način (tangzhong),16.4.2013,,2,180,,75,42,30.4.2015,,
20194,Trideset minutne bombetke,12.1.2015,,1,45,12,46,18,4.1.2016,,
1457,Janeževi upognjenci,18.11.2001,,3,,,55,14,5.6.2015,,
9699,Česnovi polžki,13.2.2007,,2,,,41,14,5.1.2016,,
5650,Čokoladni mafini z višnjami,20.10.2005,,1,,,37,9,19.2.2013,,
1250,Orehovec,28.7.2001,,1,,,16,1,5.11.2012,,
12560,Čokoladno pomarančne kocke,30.4.2009,,3,60,20 kosov (4x4 cm),25,7,24.11.2015,,
1401,Hrenovke v listnatem testu,29.10.2001,,1,,,58,14,24.2.2013,,
11987,Mesni zvitki,4.12.2008,,3,90,6 oseb,36,15,10.3.2014,,
11357,Pirin kruh brez kvasa,21.4.2008,,2,120,,31,5,18.5.2016,,Bolj zdrava jed
3454,Čokoladna torta brez moke,23.3.2004,,1,,,22,4,25.3.2012,,
6897,Sladica s skuto in malinami,13.7.2006,,2,,,28,7,1.3.2010,,
5469,Kokosove kocke,22.9.2005,,2,60,okoli 15 kosov,56,8,21.10.2011,,
3524,Vanilijeva krema za torto (crema pasticcera),5.4.2004,,1,,,18,1,12.7.2010,,
6488,Jabolčni biskvit,24.4.2006,,2,45,,31,12,3.12.2013,,
6745,Rižev narastek z jabolki,12.6.2006,,1,30,,24,10,27.9.2016,,
4345,Mini sirovi bureki,22.11.2004,,1,180,30 kosov,99,8,31.3.2013,,
1806,Ameriški chocolate Chip Cookies po naše,22.4.2002,,3,,,87,10,23.11.2012,,
2157,Bicikli,11.11.2002,,3,,,85,8,11.9.2012,,
2087,Pepelkina torta,16.10.2002,,1,,,55,14,3.8.2012,,
10137,Mascarpone spekulas torta,9.6.2007,,1,15,12 kosov,54,15,2.4.2013,,
9538,Špinača - kremna,10.1.2007,,2,45,4 osebe,29,3,8.3.2016,,
11590,Borovničeva  mascarpone torta,4.8.2008,,2,90,,43,15,28.2.2016,,
1956,Krompirjevi kroketi,26.8.2002,,1,,,35,5,12.2.2016,,
10267,Rafaelo rezine,28.7.2007,,2,45,,21,5,27.9.2016,,
11865,Bučkini medaljončki,28.10.2008,,1,30,2 osebi,47,5,24.8.2013,,
3818,Dunajski valovi,8.7.2004,,3,,,42,5,27.4.2015,,
4699,Ričet,21.2.2005,,3,,,31,8,14.10.2012,,
3447,Češnjev biskvit,22.3.2004,,1,,,45,6,2.7.2013,,
14227,Kinder Milch Schnitte,3.10.2010,,2,45,polovica pekača od pečice,44,13,8.1.2016,,
19283,Sanjska čokoladna torta,13.1.2014,,3,120,,25,11,28.4.2016,,
1138,zelenjavna juha,28.4.2001,,1,,za 4 osebe,8,1,6.9.2008,,
6133,Šamrole,22.2.2006,,2,,20 kom,52,8,8.11.2014,,
5522,Mesni burek,6.10.2005,,4,,3,47,9,9.11.2014,,
6031,Preprosti skutini njoki z gorgonzolo,3.2.2006,,2,75,2,54,6,29.10.2013,,
5453,Skutine rezine,1.10.2005,,2,,,45,9,5.11.2013,,
10832,Biskvit z luknjami,19.12.2007,,2,30,,68,13,29.4.2013,,
128,Sirov burek,22.10.2000,,3,,,50,2,23.2.2013,,
783,Marmeladni žepki,8.2.2001,,1,,,26,3,12.12.2014,,
10741,Kokosovi makroni,29.11.2007,,1,90,50 piškotov ,30,17,18.8.2014,,
2472,Bograč,25.3.2003,,1,,12,44,4,5.11.2011,,
15076,Kifeljčki/bosanski,4.5.2011,,2,90,,43,7,29.4.2014,,
11972,Pecivo s kislo smetano,2.12.2008,,2,90,pekač-25x40,12,6,30.6.2014,,
5917,Orehovi rogljički,6.1.2006,,2,45,,35,6,5.11.2013,,
13541,"Hitre žemljice, rogljički",23.2.2010,,1,30,12 žemljic ali 32 rogljičkov,37,18,22.8.2014,,
14476,Chimichangas home made,1.12.2010,,2,30,2 osebe,5,3,24.9.2016,,
17726,Babičino pecivo z jabolki,11.10.2012,,1,60,,29,2,20.3.2013,,
3049,Adamovo kokosovo pecivo (brez jajc in mleka),18.12.2003,,1,45,1 večji pekač,27,4,3.12.2013,,
5689,Smetanovi piškoti,2.11.2005,,2,,,50,39,1.1.2016,,
12144,Enostavna musaka,14.1.2009,,2,75,3-4 osebe,11,5,27.5.2015,,
3854,Pohorska omleta,18.7.2004,,1,45,6 oseb,21,4,24.6.2011,,
5548,Fernandoti po moje,8.10.2005,,3,120,16 do 20 kosov,73,22,19.4.2015,,
5206,Zelenjavna začimbna zmes,27.7.2005,,1,,,59,6,28.10.2012,,
4689,Ajdov kruh - hlebec,19.2.2005,,3,,,83,13,7.7.2014,,
4380,Mlinci,6.12.2004,,1,,,44,10,12.11.2011,,
6614,Prazolio,22.5.2006,,2,90,okrogel pekač premera 28 cm,141,10,17.11.2011,,
13687,Biskvit brez jajc,7.4.2010,,1,75,,17,5,31.5.2015,,
1946,Dunajski valovi,21.8.2002,,3,,,47,7,26.12.2011,,
4959,Vaflji (Waffeln - osnovni recept),4.5.2005,,2,30,,19,3,9.11.2013,,
11969,Jabolčni zavitek Paola,1.12.2008,,3,120,2 kosa,74,16,13.9.2014,,
8403,Piščanec na grški način,12.12.2006,,2,120,4,28,5,8.4.2013,,
4458,Mini potica na hitro,2.1.2005,,4,90,,53,8,25.12.2014,,
1334,Bananini muffini,3.9.2001,,1,,12 muffinov,38,3,19.3.2012,,
5579,Najbolj enostaven kruh,13.10.2005,,1,,,24,9,17.1.2016,,
10088,Jagodna torta z jogurtovo - skutno kremo,21.5.2007,,2,45,16 kosov,49,37,12.7.2016,,
4788,Čokoladna torta za vsakogar,13.3.2005,,2,,8 - 12 kosov,25,8,14.9.2011,,
4517,Shepherd   (Pastirska pita),15.1.2005,,3,,4,87,16,23.2.2011,,
1774,Kruhova štruca,27.3.2002,,1,,,30,11,1.1.2016,,
3984,"Pecivo, ki izgine v 10 minutah",30.8.2004,,1,,,35,3,18.6.2014,,
16857,Smetanova strjenka ali panakota,18.3.2012,,2,30,cca 8 malih skodelic,10,1,17.3.2012,,
9530,Piščanec v sladko - kisli omaki,9.1.2007,,2,60,,47,7,7.1.2014,,
6563,Rolada,8.5.2006,,1,,približno 30 kosov,30,6,8.10.2014,,
7050,Tiramisu,24.8.2006,,1,,,49,10,13.3.2014,,
436,Pita - hitra,16.11.2000,,1,,,25,3,23.11.2011,,
6424,Kokosova salama (jajčka),14.4.2006,,1,60,,86,11,21.7.2014,,
5533,Somun - bosanska lepinja,7.10.2005,,2,,3 kosi,89,10,5.4.2015,,
18258,Sončnica - pogača,11.3.2013,,2,90,,31,36,4.8.2014,,
12299,Makaroni in sir,18.2.2009,,2,60,8 oseb kot priloga,33,7,13.9.2014,,
17572,Srbska solata,30.8.2012,,2,120,,13,2,27.8.2012,,
4130,Ričet,8.10.2004,,3,,,20,3,10.3.2014,,
5576,Vojvodinjin krompir,13.10.2005,,1,,zs 4 osebe,15,5,29.4.2013,,
7152,Pečen krompir (roast potatoes),11.9.2006,,1,,,90,11,12.2.2016,,
5879,Jagode,17.12.2005,,3,,,65,17,21.7.2014,,
16958,Tzatziki (grška) solata - preprosta in odlična,11.4.2012,,1,15,manjša skleda,23,4,11.12.2012,,
1750,Sončni zahod,13.3.2002,,3,,,83,6,25.8.2011,,
15510,Fine rezine,1.8.2011,,3,4+ ur,,34,12,8.1.2016,,
8171,Zrezki v naravni gobovi omaki,24.10.2006,,2,,4 osebe,32,2,25.1.2011,,
10889,Ekstaza,31.12.2007,,3,60,,30,7,13.10.2013,,
5680,Čokoladna dobrota,1.11.2005,,2,,10 kosov,50,7,6.3.2014,,
4101,Osnovni recept za mafine,3.10.2004,,1,30,10 -12 kosov,23,4,14.12.2014,,
4302,Črno - bela rolada brez pečenja,12.11.2004,,3,,40 rezin,30,2,2.3.2007,,
10259,Klasični Cheesecake,26.7.2007,,2,75,12 kosov,33,15,16.11.2015,,
9493,Madjarica,2.1.2007,,4,75,,53,4,2.12.2009,,
10538,Grozdni sok,7.10.2007,,1,120,ca.15 steklenic,29,5,8.10.2007,,
11435,Puranji zrezki v gobovi omaki,23.5.2008,,2,45,Za 4 osebe,22,1,23.5.2008,,
12416,Napihnjenčki,19.3.2009,,2,45,9 komadov,57,23,4.10.2014,,
14559,(Pijane) breskvice,20.12.2010,,3,240,cca. 80 breskvic,37,11,14.6.2014,,
13235,Gobova juha s krompirjem,27.11.2009,,2,75,4,14,3,21.10.2012,,
5017,Rižev narastek po moje,25.5.2005,,2,,,45,6,28.4.2016,,
3362,Pizza šefa kuhinje,8.3.2004,,3,,4 osebe,73,11,11.4.2014,,
10121,Ledena mascarpone torta,4.6.2007,,4,120,za deset oseb,28,10,4.4.2016,,
11249,Linški piškoti,28.3.2008,,3,90,,13,3,24.7.2011,,
11308,Čemaževa juha,12.4.2008,,1,15,za 2 osebi,31,7,18.5.2016,,
19514,Pizza ruladice,15.3.2014,,1,30,Probližno 16 kosov,15,7,18.6.2014,,
14047,Krema za cupcakes - Cake frosting,7.8.2010,,1,15,za 8 do 10,81,14,21.5.2012,,
16498,Svinjska ribica v gorčični omaki,14.1.2012,,1,15,za štiri osebe,29,4,29.4.2013,,
9545,Frcokle,11.1.2007,,3,90,,59,10,7.2.2012,,
5705,Čokoladno - jagodna torta,8.11.2005,,3,,za 16 kosov-,44,11,1.5.2016,,
13756,Moje princeske,29.4.2010,,3,90,,22,15,9.2.2015,,
5251,Pingvin rezine,16.8.2005,,3,,,46,2,15.5.2009,,
5082,Carski tunin namaz,16.6.2005,,2,,,22,1,5.1.2010,,
11073,Flancati (po moji mami - krhki),22.2.2008,,1,75,,15,3,6.3.2014,,
6400,Mleta pečenka,11.4.2006,,2,90,6 oseb,31,6,23.7.2012,,
14107,Mesne kroglice v paradižnikovi omaki,28.8.2010,,2,75,za 5 oseb,20,4,13.5.2011,,
10575,Lepinje - Dafke,16.10.2007,,2,90,4,49,9,7.2.2012,,
2478,Vojaški pasulj,27.3.2003,,3,,,44,2,6.12.2012,,
12685,"Orehove napolitanke, najboljše!!!",11.6.2009,,2,120,,34,8,11.2.2014,,
14649,Macarons,13.1.2011,,4,45,cca 25,65,18,7.9.2015,,
3670,Ribe iz pečice,9.5.2004,,3,,2,31,3,18.6.2013,,
16199,Domača vroča čokolada,13.12.2011,,1,5,,62,9,28.1.2014,,
5647,Žajbljev limončelo,19.10.2005,,2,,,32,1,26.10.2006,,
2468,Angelsko pecivo,24.3.2003,,1,60,,30,7,24.3.2013,,
13790,Rolada iz ajdove moke!,10.5.2010,,1,90,4 osebe,50,11,8.3.2016,,
12834,Paradižnikovi koščki (shranek),6.8.2009,,1,60,poljubno,127,16,9.9.2015,,
11152,Ježki,4.3.2008,,3,180,50 kosov,32,17,27.10.2015,,
6135,Omaka bolognese,22.2.2006,,2,180,6,20,1,27.2.2006,,
5888,Palačinke s skuto,20.12.2005,,2,90,za 6 oseb,29,5,9.4.2016,,
3494,"Testo za lazanjo, torteline, raviole",30.3.2004,,3,,,45,14,21.6.2010,,
13940,Gosta jagodna marmelada,10.7.2010,,3,60,,13,4,20.6.2016,,
5927,Lešnikova potica,7.1.2006,,2,120,približno 35 kosov,16,8,28.12.2015,,
6320,Kokosovo - kakavova potica,27.3.2006,,4,,,73,10,14.10.2014,,
2671,Grška solata,13.6.2003,,1,,,26,8,12.8.2013,,Bolj zdrava jed
258,Francoska solata,9.3.1999,,1,,,34,3,26.12.2010,,
3055,Kruhov narastek,23.12.2003,,1,,4-6 oseb,29,9,22.11.2009,,
17823,Zmagovalni bananin kruh,8.11.2012,,1,75,,34,10,24.3.2016,,
5964,Ajdova kaša z zelenjavo,15.1.2006,,1,,za osem oseb,32,2,17.1.2013,,Bolj zdrava jed
4384,Mlečni kruh,7.12.2004,,1,240,1 hlebec,64,12,19.2.2016,,
11014,Koruzna kremna juha - mehiška,30.1.2008,,2,45,4 osebe,51,6,28.2.2016,,
2956,Teranov liker,3.11.2003,,1,,1 liter,45,3,14.4.2009,,
10132,Skutina  pita,8.6.2007,,2,90,,28,5,16.3.2016,,
5671,Pijana nevesta,30.10.2005,,1,,,40,6,21.4.2012,,
15953,Fini keksi,14.11.2011,,2,60,,12,5,24.12.2014,,
10279,Ledene kocke,14.2.2008,,1,75,,24,7,14.7.2014,,
2035,Breskve,21.9.2002,,3,,,59,16,17.4.2016,,
2407,Najboljša jabolčna pita,19.2.2003,,1,,za približno 12 kosov,20,3,6.8.2016,,
6413,Dušeno sladko zelje,12.4.2006,,1,75,,42,3,6.12.2012,,
4149,Belokranjska pogača,29.9.2004,,3,,,12,3,14.2.2014,,
3690,Čokoladno - bananini mafini,18.5.2004,,1,45,12 kosov,41,5,18.8.2012,,
10931,Jabolčno pecivo s keksi,12.1.2008,,1,45,velik pekač!!!!,29,8,22.8.2016,,
14002,Jogurtovo pecivo,26.7.2010,,3,4+ ur,1 pekač,9,6,3.2.2013,,
8244,Super domača začimbna mešanica,9.11.2006,,1,,,24,2,17.9.2010,,
3834,Pad Thai (praženi rezanci po tajsko),13.7.2004,,3,,za 2 osebi,33,8,22.8.2014,,
7089,Polpeti - navadni,30.8.2006,,2,,4 osebe,22,1,18.4.2007,,
5926,Sadni kruh,1.1.2006,,2,,za dva rebrasta pekača,29,8,10.12.2015,,
131,Krompirjevi njoki,26.6.1998,,1,,,21,3,8.1.2016,,
16032,Rafaello mafini,26.11.2011,,2,30,24 kosov,11,13,17.1.2016,,
1633,Bounty,14.1.2002,,1,,,86,2,21.8.2009,,
5667,Ace rezine,28.10.2005,,2,,,20,3,11.5.2013,,
329,Jaffa pecivo,26.1.1998,,1,,,53,6,26.1.2016,,
302,Blejske kremne rezine,6.4.2000,,3,,,36,7,24.10.2011,,
4784,Žepki,12.3.2005,,1,,,43,11,16.3.2015,,
8177,Fižol v pečici,25.10.2006,,2,,2 zeeelo lačni osebi,21,2,31.10.2006,,
10498,Tortilje,25.9.2007,,1,15,8 kosov,17,4,26.1.2016,,
6065,Schwarzwaldski muffini,9.2.2006,,2,,24 kosov,52,7,22.1.2015,,
5717,Mesna lazanja,15.11.2005,,4,,za 6 do 8 oseb,17,5,16.6.2011,,
11910,Pasteis de nata,17.11.2008,,3,120,24,24,14,17.5.2013,,
1336,Musaka a la David,3.9.2001,,3,,,40,1,20.1.2009,,
9627,Super torta,29.1.2007,,3,,,50,18,20.1.2014,,
5357,Rolada z jabolki,9.9.2005,,2,,,45,12,15.5.2016,,
2418,Čokoladne palčke,21.2.2003,,1,,,12,6,31.12.2013,,
1755,Jogurtov biskvit,14.3.2002,,1,60,,70,4,8.6.2014,,
8103,Čokoladno - kokosova torta z bananami,12.10.2006,,2,,,34,17,21.6.2015,,
23,Prekmurski bograč,11.4.1999,,3,,,16,4,12.9.2012,,
3543,Kokosovi poljubčki,7.4.2004,,1,,,15,10,23.8.2015,,
6986,Pšenične tortilje ala Veri,9.8.2006,,3,,za 8 tortilj - za 4 osebe ali 2 lačna fanta,55,14,16.11.2014,,
10947,Palačinke s skuto + osnovni recept za palačinke,15.1.2008,,2,30,,50,9,19.7.2014,,
10550,Puranje roladice v sirovi omaki,10.10.2007,,3,45,za 4 osebe,23,7,26.11.2014,,
2358,Santa Barbara,26.1.2003,,1,,,46,12,3.12.2013,,
8293,Gibanica na hitro,20.11.2006,,2,,,29,2,10.5.2007,,
10811,Praznični piškoti,15.12.2007,,2,75,,35,5,30.3.2015,,
12341,Zdrobovo pecivo,26.2.2009,,2,60,,18,7,22.1.2016,,
4289,Testeninska solata kot samostojna jed,9.11.2004,,1,,za 2 zelo lačna,14,2,24.7.2010,,
8291,Čokoladno - orehove lunice,20.11.2006,,4,,cca. 35 piškotov,48,10,17.6.2012,,
9882,Čokoladni muffini,24.3.2007,,2,,za 12 muffinov,35,13,19.4.2014,,
9406,Hitra torta z jabolki,20.12.2006,,2,,,41,13,20.6.2016,,
9371,Brokolijev narastek,17.12.2006,,2,45,za 4 do 6 oseb,12,3,19.9.2010,,
10278,Slani mafini z bučkami,1.8.2007,,2,60,cca 12,39,5,8.3.2012,,
19302,Pomarančni tiramisu,16.1.2014,,2,30,,39,8,27.1.2015,,
17224,Maslena krema z belo čokolado,26.5.2012,,1,15,"600 ml, za 24 kolačkov",47,8,20.1.2014,,
12062,Čokoladna rulada z vanilijevo kremo,23.12.2008,,2,30,približno 10 kosov,17,4,11.1.2013,,
324,Indijančki,13.10.1999,,1,,,46,11,29.8.2015,,
14218,Jagodna mascarpone torta,30.9.2010,,3,120,,3,2,2.6.2013,,
4653,Sočna slivova pita,12.2.2005,,2,,pekač 38x26 centimetrov,33,6,9.7.2015,,
14451,Kisla repa,24.11.2010,,1,30,,6,1,18.11.2010,,
5582,Čokolatini Baci,13.10.2005,,3,,14 kosov,60,16,1.1.2014,,
15861,Salzburški žličniki,26.10.2011,,3,30,2 osebi,56,14,4.12.2014,,
13340,Rojal masa,27.12.2009,,1,5,,46,25,2.6.2013,,
6371,"Žganci - krompirjevi, beli",6.4.2006,,3,60,4,59,4,31.1.2016,,
15605,Focaccia,1.9.2011,,2,120,1 pekač od pečice,21,16,2.3.2015,,
12199,Quiche z brokolijem,25.1.2009,,1,75,Pekač 24 cm premera,21,9,24.4.2013,,
15442,Pingvinčki,13.7.2011,,1,30,poljubna,25,7,27.2.2014,,
3417,Pomarančna torta brez moke,17.3.2004,,3,,,30,6,14.4.2016,,
1894,Urškino pecivo,16.7.2002,,1,,,32,1,6.5.2007,,
13558,Vložena fižolova solata,2.3.2010,,2,60,10-12,28,1,2.3.2010,,
6292,Ričet - kmečki,23.3.2006,,2,,,29,3,29.1.2016,,
3823,Slastno sočno pecivo,9.7.2004,,1,,,35,2,9.2.2012,,
4969,Super kremšnite,7.5.2005,,3,,,36,2,7.9.2011,,
13819,Čokoladno-jagodna mascarpone torta,21.5.2010,,3,180,,16,7,21.6.2015,,
9966,Zelenjavni kuskus,12.4.2007,,2,30,3-4 porcije,22,5,26.5.2015,,
6682,Hrenovke v skutnem testu,2.6.2006,,1,,,72,10,11.2.2014,,
9355,Zbrano praznično pecivo,15.12.2006,,3,,,94,99,14.7.2014,,
10606,Dobri skutini cmoki,24.10.2007,,1,15,Odvisno od veličine,27,6,24.12.2014,,
14372,Pisani kozarčki,5.11.2010,,2,60,odvisno,40,5,3.4.2011,,
6671,Enolončnica s hrenovkami,31.5.2006,,2,,za 6 jedcev,27,1,21.8.2008,,
216,Hobotnica v solati,13.11.1998,,1,,,27,2,9.2.2011,,Bolj zdrava jed
14781,Krompirjev langaš,17.2.2011,,2,90,za 4 osebe,24,5,21.2.2012,,
20057,Ekstremno dobra torta,29.10.2014,,3,180,,22,13,9.4.2016,,
8228,Linški kokosovi piškoti,5.11.2006,,2,120,,27,13,1.1.2016,,
125,Prebranac,3.12.1998,,1,,,51,9,6.12.2011,,
4736,Rižev narastek malo drugače,3.3.2005,,1,,,12,1,18.1.2011,,
12528,Otroške sanje,16.4.2009,,2,60,Keramični pekač premer 25 cm,61,6,5.3.2012,,
11183,Rižota z jurčki,10.3.2008,,2,45,4 osebe,19,4,21.10.2012,,
6283,Špinačni narastek s feta sirom,22.3.2006,,2,,6 kosov,28,5,20.9.2010,,
11577,Kruhovi cmoki,28.7.2008,,2,30,,15,5,4.6.2014,,
8308,Božično - novoletno pecivo,28.11.2006,,3,,za vso družino in prijatelje,38,26,28.12.2015,,
14777,Piščančje tortilje,16.2.2011,,1,60,,5,8,9.11.2013,,
18083,Bučna rulada,24.1.2013,,1,45,,8,2,29.1.2013,,
4335,Dvojna čokoladna torta,20.11.2004,,3,4+ ur,12 kosov,90,37,25.10.2013,,
13324,Jabolčna pita,21.12.2009,,1,45,,17,10,1.9.2015,,
9537,Lešnikovi trikotniki,10.1.2007,,3,,,30,3,23.9.2012,,
6610,Zdrobovi žličniki,17.5.2006,,1,,4 - 6 ljudi,42,2,7.5.2007,,
15948,Ticcino masa (Tičino masa/Fondant),12.11.2011,,1,30,1 kg,70,27,15.2.2016,,
10330,Ajdovi žganci,12.8.2007,,2,45,za 4 osebe,18,1,7.12.2008,,
13398,Rafaelo kroglice,14.1.2010,,1,15,,31,3,7.12.2013,,
12580,Lahka švicarska sadna pita - Wähe,5.5.2009,,2,90,Pekač premera 26 cm,64,18,16.8.2015,,
7002,Rafaelo rezine,14.8.2006,,3,45,Srednje velik pekač,20,4,17.5.2015,,
17327,Skutna pita z marelicami,25.6.2012,,1,60,,13,7,14.9.2015,,
3047,Chili con carne,17.12.2003,,1,,4-6 oseb,39,5,1.10.2015,,
6229,Skutini svaljki,14.3.2006,,1,, ,31,4,17.11.2011,,
13309,Pirini piškoti,17.12.2009,,2,180,,13,7,26.12.2012,,Bolj zdrava jed
17998,Slani kifeljčki na hitro,28.12.2012,,2,75,64 kosov,15,7,27.3.2014,,
6483,Jagodne sanje,23.4.2006,,3,,za velik pekač ,59,9,20.11.2013,,
3660,Jetrca v omaki,6.5.2004,,1,,,38,2,28.4.2010,,
62,Martinova gos ali raca,2.11.1999,,3,,,4,2,30.11.2012,,
5890,Ponarejeni rženi hlebčki,21.12.2005,,2,60,,53,21,22.8.2014,,
14036,Sočna čokoladna torta,4.8.2010,,3,90,tortni pekač premera 28 cm,37,12,12.1.2015,,
5383,Puranji zrezki v mandljevi omaki,14.9.2005,,2,,za 4 osebe,31,7,16.7.2011,,
14600,Špageti bolognese,2.1.2011,,1,45,,13,1,2.1.2011,,
10196,Polnjene bučke,1.7.2007,,2,60,2 osebi,19,3,30.6.2011,,
2262,Blazinice s kislo smetano,18.12.2002,,1,,,29,8,11.2.2014,,
6598,Zelenjavni zavitek,22.5.2006,,2,,,73,9,21.4.2012,,
11922,Kislo zelje,21.11.2008,,3,90,,11,1,2.12.2008,,
11,Čebulna juha,4.9.2000,,1,,,32,4,22.9.2014,,
5865,Skutni štruklji brez testa,15.12.2005,,2,,,33,11,14.6.2012,,
10918,"Muffini z jabolki, cimetom in rozinami",9.1.2008,,1,45,,26,3,8.10.2015,,
5114,Schwarzwaldska torta,27.6.2005,,3,,16 kosov,66,18,30.5.2014,,
11519,"Kruh, narejen s solno kvasno emulzijo",7.7.2008,,2,120,1 kilogramski hlebček ,73,17,28.1.2014,,
4907,Pohorski lonec,16.4.2005,,2,,,11,1,24.1.2013,,
5138,Skutna torta - preprosta in osvežilna,7.7.2005,,2,,,13,12,23.7.2013,,
12882,Češnjev Clafouti,24.8.2009,,1,45,28 cm pekač,27,13,18.6.2014,,
6467,Snežne kepe,20.4.2006,,1,,,44,8,6.5.2012,,
6568,Masleni vaflji,9.5.2006,,1,,,35,3,21.4.2013,,
3635,Štruklji na enostaven način,28.4.2004,,1,,,67,3,13.3.2012,,
9949,Skutini cmoki,5.4.2007,,3,45,4 osebe,12,2,9.4.2012,,
9738,Jaffa biskvit 2,19.2.2007,,2,,,33,2,25.2.2010,,
10078,"Atomski ""štrudl""",17.5.2007,,2,75,,74,7,3.8.2011,,
3094,Skutine palačinke,4.1.2004,,1,,za 5 oseb,19,4,5.11.2014,,
1522,Panettone,4.12.2001,,3,120,10,43,6,30.12.2011,,
10393,Testeninska solata,30.8.2007,,1,15,,3,1,28.8.2007,,
2662,Vanilijeva krema z jagodami,10.6.2003,,1,,6,43,11,13.10.2016,,
17452,Prosena kaša z jabolki,28.7.2012,,2,75,Za 2 osebi,4,3,22.12.2015,,
15872,Božanski segedin,28.10.2011,,2,120,4 osebe,14,3,25.10.2011,,
115,Kruhovi cmoki,13.10.1998,,1,,,10,4,9.2.2011,,
1449,Linški piškoti,18.11.2001,,3,,,14,7,25.12.2015,,
2916,Piškoti iz ovsenih kosmičev,6.10.2003,,1,,,40,9,19.2.2014,,
2675,Pijana nevesta,16.6.2003,,1,,,17,4,22.6.2014,,
12243,Čokoladna torta za čokoholike,4.2.2009,,4,90,25 cm tortni model,50,16,24.9.2016,,
7219,Rumove kocke,25.9.2006,,3,60,35 kock,25,3,6.1.2009,,
4597,Dober tunin namaz,2.2.2005,,1,15,4 osebe,6,,,,
11810,Dežnikarice v omaki,11.10.2008,,2,30,,46,2,9.11.2008,,
5707,Potičke,9.11.2005,,3,,,26,6,25.12.2015,,
5712,Marmorni kolač,11.11.2005,,3,,,13,4,4.10.2016,,
13787,Kitajska kislo pekoča juha,10.5.2010,,3,90,4 osebe,21,5,5.1.2016,,
15606,Paradižnikova omaka z zelenjavo,17.8.2011,,2,120,5 manjših kozarcev,36,3,1.9.2012,,
19063,"Božični (velikonočni, praznični) venec ali  torta "" Angelica """,29.11.2013,,3,180,,58,20,1.1.2014,,
3721,Ocvrti kaneloni s šunko in sirom,2.6.2004,,3,45,10 kosov,41,6,11.10.2014,,
20339,Piškotna torta z Nutello,12.4.2015,,2,60,,25,5,8.3.2016,,
6912,Kifeljčki s sirom,18.7.2006,,1,,,30,5,10.3.2011,,
19352,Irish cream - vanilijevo - mascarpone rezine,6.2.2014,,2,30,"Za pekač 30x25cm, cca 12 rezin",18,4,9.6.2014,,
16897,Rižota,2.4.2012,,2,45,za 3 osebe,24,1,2.4.2012,,
2540,Carski praženec v pečici,12.4.2003,,1,,,27,1,22.7.2008,,
4599,Krompiruša (krompirjev štrudel),2.2.2005,,2,45,4,41,1,8.2.2009,,
6112,Preprost biskvit,17.2.2006,,2,,,12,,,,
18051,Pisana pogača,15.1.2013,,3,75,,32,15,30.3.2014,,
10127,Fruc rezine,6.6.2007,,2,60,,29,7,25.7.2015,,
13886,Lahka kremna torta z bananami,15.6.2010,,3,75,8 kosov,16,5,10.10.2011,,
7249,Figova marmelada,1.10.2006,,1,,,31,1,16.10.2006,,
6227,Polnjene paprike s krompirjem,13.3.2006,,2,,4osebe,50,8,26.10.2014,,
3679,Topli sendviči malce drugače,14.5.2004,,1,,,29,1,6.10.2008,,
2972,Blitva s krompirjem,11.11.2003,,1,,,22,2,23.7.2012,,
9404,Lignji iz pečice,20.12.2006,,3,,za 4 osebe,29,6,16.7.2011,,
1518,Metrsko pecivo,29.11.2001,,3,,caa 40 rezin,19,13,24.11.2011,,
13889,Beli hlebčki,18.6.2010,,2,90,,36,8,30.1.2014,,
13149,Jabolčna torta - zelo dobra,4.11.2009,,3,90,za 6 oseb,18,4,11.2.2014,,
4790,Tiramisu brez jajc,13.3.2005,,1,,10 porcij,26,2,28.8.2014,,
6493,Ješprenjeva solata,25.4.2006,,1,,3,21,2,30.4.2015,,
14939,Pašta-fižol po receptu none Marije,29.3.2011,,2,75,,3,2,16.3.2011,,
6136,Kremne rezine,22.2.2006,,2,,,53,10,20.1.2014,,
8336,Martinova pojedina,25.12.2006,,3,,,28,5,17.11.2012,,
12707,Bučkerelice,17.6.2009,,1,45,4 čolnički,73,13,16.11.2011,,
13185,Marelični cmoki iz skutnega testa,13.11.2009,,2,60,Za 4 osebe,11,4,22.10.2011,,
14381,Kokosove kremne rezine,6.11.2010,,3,75,,21,2,29.3.2013,,
13583,"Kruh, ki vedno uspe",9.3.2010,,1,60,,30,5,17.11.2013,,
5919,Črno - beli piškoti,5.1.2006,,2,,50,45,13,30.11.2015,,
3912,Pita iz bučk,6.8.2004,,1,,,36,8,8.7.2013,,
5412,Nadevani lignji,20.9.2005,,3,120,,43,6,2.5.2015,,
14972,Poletna osvežitev,5.4.2011,,2,60,,14,7,12.6.2012,,
7198,Slivova pita,20.9.2006,,3,,,21,14,5.1.2016,,
10150,Malinovi polnozrnati zalogajčki,14.6.2007,,1,45,30 piškotov,61,16,16.11.2014,,
16298,Rebrca po ameriško,28.12.2011,,2,120,4,15,3,15.11.2012,,
1502,Ajdova kaša s šampinjoni,27.11.2001,,1,,4,24,2,4.5.2014,,
3253,Pecivo s kislo smetano,17.2.2004,,1,,,22,4,8.1.2009,,
2445,Belokranjska pogača,11.3.2003,,1,45,,40,8,21.7.2014,,
12377,Šamrole - prave,7.3.2009,,4,120,cca 20kom,39,9,14.5.2012,,
3285,Sadne košarice,23.2.2004,,3,,,38,19,20.6.2016,,
16257,Zasnežene skalce,21.12.2011,,3,75,do 30 piškotov,22,4,8.5.2012,,
9595,Gratinirana cvetača,23.1.2007,,3,45,4 osebe,21,6,6.8.2013,,
3842,Jabolčni zavitek,16.7.2004,,1,,,15,8,30.3.2015,,
10645,Enostaven atomski štrudelj,4.11.2007,,2,60,,12,3,6.10.2013,,
12915,Damini poljubi (Baci di dama) malo drugače,3.9.2009,,1,30,,82,13,4.4.2016,,
406,Skutin kolač z marelicami,15.5.2000,,2,60,,34,5,1.10.2015,,
10275,Rafaelo kocke,1.8.2007,,2,75,,12,2,22.11.2015,,
8350,Lena baba,2.12.2006,,1,45,,22,1,9.12.2008,,
12955,Paprikin namaz,15.9.2009,,2,180,"6 do 7, 700 g kozarcev",11,3,8.9.2013,,
2013,Cookiji,9.9.2002,,1,,,96,14,26.1.2016,,
13,Goveja juha,16.6.1998,,1,,,40,4,27.3.2016,,
418,Panna Cotta,16.11.2000,,1,,,34,5,26.6.2013,,
6406,Pehtranova rezina,12.4.2006,,2,,,20,5,27.9.2015,,
6440,Bučkin narastek s skuto,16.4.2006,,2,,6 kosov,17,3,10.10.2007,,
8122,"Gratinirane testenine s špinačo, pršutom in skuto",15.10.2006,,2,,6 kosov,19,1,29.9.2006,,
6312,Malinine rezine,26.3.2006,,3,,pekač cca 40 x 25 cm,63,16,15.1.2012,,
2561,Ace rezine,22.4.2003,,1,,,15,6,25.1.2015,,
15909,Dober krompir iz pečice,5.11.2011,,2,90,,18,4,17.11.2011,,
12211,Kvinoja,27.1.2009,,2,30,za 2 osebi,17,4,17.11.2013,,
9855,Čokoladna torta Rok,19.3.2007,,3,60,16 kosov,32,9,15.7.2013,,
3059,Goveji trakovi v omaki,24.12.2003,,1,,4,30,3,21.2.2011,,
7098,Kvašeni slani rogljički,1.9.2006,,1,60,,25,5,20.6.2016,,
11819,Antilska temna torta,13.10.2008,,3,4+ ur,,35,5,27.1.2015,,
6862,Krompirjeve kroglice s sirom in sezamom,6.7.2006,,2,,za 4 lačne jedce,37,4,12.12.2008,,
4290,Kremšnite,9.11.2004,,3,,,38,5,26.4.2010,,
9988,Spomladansko pecivo,21.4.2007,,2,75,,20,1,20.4.2007,,
11037,Kokosova bajadera,4.2.2008,,2,60,,17,7,23.9.2012,,
17266,Bučne kocke,9.6.2012,,1,60,za fajn druščino ob žaru,20,8,27.5.2015,,
4723,Brokolijeva kremna juha,1.3.2005,,2,,,40,4,29.8.2015,,
1728,Bananin marmorni kolač,27.2.2002,,3,,za 12 malo večjih kosov,31,9,17.8.2011,,
6755,Balzamični piščanec s pršutom,14.6.2006,,2,,za 3 osebe,53,4,2.6.2013,,
2872,Ketchup za pizzo,17.9.2003,,1,240,,21,2,8.9.2007,,
5351,Sadna torta,7.9.2005,,2,90,,38,7,26.2.2009,,
7091,Bela pita,31.8.2006,,3,45,,17,4,2.8.2014,,
10104,Svež češnjev biskvit,26.5.2007,,2,30,standarden pekač,19,4,20.6.2016,,
11380,Bela tropska torta,28.4.2008,,4,4+ ur,,129,15,15.12.2012,,
5702,Žličniki,6.11.2005,,1,,3-4 osebe,25,1,4.9.2007,,
7286,Slane štručke (slanci),8.10.2006,,2,,10 - 12 kosov,37,13,20.11.2012,,
14662,Snežaki,16.1.2011,,3,120,8 kosov,27,9,8.3.2013,,
11111,Kobariški štruklji ( po receptu  mame Pepce ),25.2.2008,,4,120,odvisno od velikosti strukljev,45,10,5.3.2012,,
13163,"Polžki, polnjeni s sirom",6.11.2009,,3,90,za več oseb,19,4,28.10.2009,,
9622,Meso v pečici malo drugače,28.1.2007,,1,75,4 osebe,21,3,20.12.2008,,
10708,Smetanove rezine z orehi,20.11.2007,,3,60,,40,8,24.1.2013,,
12177,Ameriška jabolčna pita,20.1.2009,,2,90,6 do 8 oseb,50,9,4.6.2014,,
1503,Domači prijatelj,27.11.2001,,1,,,9,2,19.8.2010,,
3024,Cimetove zvezde,10.12.2003,,1,,70 zvezd,66,17,15.1.2009,,
2922,Piščanec s krompirjem,7.10.2003,,1,60,4 osebe,46,2,15.1.2008,,
5565,Čoko - koko muffini,11.10.2005,,2,60,24 muffinov,32,13,9.6.2015,,
5752,Hitra lazanja,22.11.2005,,2,,za 6-7 oseb,44,1,24.6.2009,,
12791,listnato testo z različnimi nadevi,20.7.2009,,1,45,,20,5,8.3.2013,,
12127,"Čoko banana rezine, ki ga očarajo",11.1.2009,,2,120,16 velikih kosov,30,5,21.11.2009,,
3170,Zdrobov narastek z jabolki,30.1.2004,,1,,,12,2,19.9.2010,,
13063,Zelenjavni namaz,12.10.2009,,2,30,,19,4,7.9.2015,,
3106,Domači puding,9.1.2004,,3,,2 osebi,41,5,21.1.2016,,
10029,Mešano meso izpod peke,5.5.2007,,2,120,za deset oseb,12,4,27.12.2014,,
14317,Zajec v omaki,25.10.2010,,2,60,Za 3 osebe,6,2,24.7.2011,,
11682,Breskvice,6.9.2008,,3,180,120 kosov,65,18,25.12.2015,,
3026,Huzarski krapki,10.12.2003,,1,,,19,5,19.9.2014,,
5842,Čokoladno - kokosovo pecivo,9.12.2005,,3,,,12,2,8.9.2013,,
16725,Črni gozdiček v kozarcu,17.2.2012,,1,15,6 kozarcev,7,6,28.2.2015,,
4155,Polnozrnat kruh s semeni,13.10.2004,,1,,,26,3,19.9.2014,,
5962,Mešana morska solata,15.1.2006,,1,,za 10 oseb,42,3,12.1.2009,,Bolj zdrava jed
10709,Sočna jabolčna pita,20.11.2007,,3,120,,13,3,5.11.2013,,
4097,Polpeti iz mletega mesa in bučk,2.10.2004,,2,,,19,2,13.5.2009,,
10035,Salsa -Tuna tortilje,7.5.2007,,1,15,za 2 tortilji,21,3,1.10.2015,,
13904,Piščančji file v najboljši smetanovi omaki in s pečenim krompirjem,29.6.2010,,2,75,2 osebi,16,1,1.8.2010,,
14486,Red and White Cookies,3.12.2010,,2,60,40 piškotov,44,11,29.4.2013,,
5771,Švedski piškoti,26.11.2005,,3,,,78,14,12.12.2014,,
5193,Zrezki v smetanovi omaki,23.7.2005,,2,30,2,14,1,1.9.2008,,
2027,Sočno pecivo,16.9.2002,,1,,,19,2,28.4.2016,,
4470,Svinjski kare v omaki,5.1.2005,,2,,,22,3,7.10.2010,,
4817,Puranji zvitki z bučko in sirom,19.3.2005,,3,,2,30,5,14.4.2014,,
5234,Kumarična omaka,8.8.2005,,1,,,19,1,15.2.2006,,
3167,''Šoštajgelni''-neke vrste slaniki,30.1.2004,,3,,,12,4,10.1.2015,,
12286,Keksi moje babice  (na mesoreznico),14.2.2009,,1,90,"cca  1,5 kg",21,5,3.12.2013,,
14825,Enostavne kremšnite,2.3.2011,,3,30,za 12 kosov,11,8,1.11.2015,,
1466,Pecivo z jagodami in pudingom,15.11.2001,,1,,,14,2,19.4.2010,,
153,Francoski rogljički,26.6.1998,,1,,,17,8,7.5.2013,,
11608,Lasagna Bolognese,11.8.2008,,2,120,,12,2,18.12.2015,,
8091,Ajvar,10.10.2006,,1,90,,16,2,25.8.2014,,
13134,Gratinirani puranji zrezki,30.10.2009,,2,45,za 2 odrasla in 2 malčka,10,3,5.7.2014,,
12684,Ježki,10.6.2009,,3,60,,16,7,9.11.2014,,
12365,Falafel,3.3.2009,,4,90,4 osebe,27,7,6.2.2014,,
6894,Baklava,13.7.2006,,3,,,59,5,11.7.2011,,
14204,Enostavni čokoladni muffini,24.9.2010,,2,30,12 mufinov,9,5,13.4.2012,,
14088,Krompirjev golaž,23.8.2010,,1,90,za 4 osebe,17,4,15.8.2012,,
190,Porov narastek,1.7.1999,,1,,,15,4,6.10.2010,,
8255,Boranija II (stročji fižol),11.11.2006,,2,,,21,3,4.3.2013,,
6347,Borovničeva pita,3.4.2006,,1,,8 oseb,45,9,8.11.2014,,
10113,Rolada z jagodno - mascarpone kremo,31.5.2007,,1,60,18 koščkov,36,8,21.7.2014,,
18548,Rolada žirafa,6.6.2013,,3,90,,23,9,18.1.2016,,
5066,Enolončnica z mletim mesom,10.6.2005,,1,,za štiri osebe,13,1,11.11.2008,,
20044,Torta piškotek (Cookies torta),24.10.2014,,2,90,15-20 kosov,23,11,27.9.2015,,
4405,Zeljna juha za hujšanje,15.12.2004,,1,,,21,,,,
12047,Empanade,18.12.2008,,2,60,za 6-8 oseb,14,9,1.11.2011,,
8098,Slivova marmelada a la Gerberaa,11.10.2006,,3,,,14,2,31.8.2009,,
7276,Tople kumare s krompirjem,6.10.2006,,2,,,41,3,27.8.2010,,
1697,Kokosovi piškoti,18.2.2002,,1,,,14,4,14.10.2014,,
3646,Čokoladna pita,2.5.2004,,2,120,za pekač za pite premera 24-28 cm,33,7,27.3.2015,,
15962,Lepinja - somun,15.11.2011,,3,120,4 kosi,18,16,28.9.2013,,
11995,Klepetalka,6.12.2008,,3,120,pekač iz pečice (globok),55,11,5.3.2010,,
4333,Nebeška pita,20.11.2004,,3,4+ ur,30 koščkov,51,8,6.1.2013,,
12017,Borovničev zavitek s skuto,11.12.2008,,2,60,,14,2,29.6.2016,,
5051,Idrijski žlikrofi,7.6.2005,,2,,150 kosov (4 - 6 oseb),40,10,24.1.2013,,
10765,Kaneloni na drugačen način,5.12.2007,,2,60,,17,3,9.5.2011,,
14273,Mongolska govedina,17.10.2010,,3,240,za 2 osebe,10,11,18.5.2014,,
9510,Metin sirup,4.1.2007,,1,,,21,1,24.6.2013,,
14120,najokusnejša gobova juha,31.8.2010,,3,120,za 4osebe,17,1,4.9.2011,,
5731,Mesni polpeti,16.11.2005,,1,,za 8 polpetov,19,1,29.6.2007,,
10848,Hrenovke v testu,24.12.2007,,1,60,5 oseb,21,3,1.7.2009,,
763,Prežganka,8.2.2001,,1,,4 do 5 oseb,11,2,26.1.2016,,
3507,Tatarski biftek,3.4.2004,,1,,,19,1,2.1.2012,,
11055,Božanska pica,9.2.2008,,3,120,pica s premerom 25 cm,19,5,22.7.2010,,
865,Enostavna in dobra torta,2.3.2001,,1,,8-12 oseb,12,4,20.10.2009,,
13450,Štruklji - hitro narejeni,25.1.2010,,2,30,za 4 osebe,21,8,2.7.2013,,
13301,"Domači prijatelj ""ati zlati""",16.12.2009,,3,180,ogromno,24,11,11.12.2013,,
11530,Zajčja obara,11.7.2008,,2,75,4,10,1,29.6.2008,,
11886,Pisana zelenjavna pita,8.11.2008,,3,60,1 pita-prb. 5 oseb,12,6,29.3.2013,,
4117,Fini piškoti na stroj,6.10.2004,,3,,,25,2,26.3.2007,,
12291,Vložene breskve,17.2.2009,,2,45,,25,1,16.2.2009,,
16368,Clintonov kolač,4.1.2012,,3,45,4-7 oseb.,12,2,6.5.2015,,
6540,Sirove mini štručke,3.5.2006,,2,,,25,5,22.1.2012,,
9696,Vrhniške kremne rezine,12.2.2007,,3,4+ ur,12 rezin (8 x 8 cm),32,9,24.12.2012,,
9418,Prtinkuš piškoti,21.12.2006,,2,60,,25,16,2.12.2014,,
13684,Biskvit za vse priložnosti,6.4.2010,,1,60,za veliko torto,41,8,8.2.2011,,
13128,Guiness čokoladna torta,29.10.2009,,2,90,12 kom,58,11,18.8.2014,,
12686,Torta stracciatella z jagodami,11.6.2009,,3,60,8 kosov,17,9,4.5.2014,,
4549,Torta vredna greha - čokoladna,24.1.2005,,1,,,58,8,25.12.2009,,
14618,Najboljše pecivo z jabolki,5.1.2011,,2,75,,19,8,8.2.2011,,
4486,Sirova omaka za njoke ali testenine,7.1.2005,,1,,za 6 oseb,8,,,,
20384,Jabolčne rožice,5.5.2015,,2,120,24 ,25,14,13.10.2016,,
8160,Sataraš,22.10.2006,,1,30,,34,9,6.7.2015,,
12158,Orehovo marmeladna rolada iz krhkega testa,17.1.2009,,1,45,pekača 11x18 za eno rolado,61,13,18.8.2012,,
17076,Bounty,23.4.2012,,3,90,,9,5,17.4.2016,,
4664,Ajdovi štruklji s skuto,15.2.2005,,2,,,25,2,6.1.2009,,
14069,Vložene kisle bučke,13.8.2010,,2,75,,7,1,19.8.2010,,
16376,Bela pletenica,4.1.2012,,2,180,1 kg,14,10,3.2.2015,,
3533,Belgijski vaflji,5.4.2004,,3,,,16,3,4.11.2014,,
1204,Torta Pavlova na način moje mame Angelce,26.6.2001,,1,,6 porcij,27,16,30.11.2014,,
2635,Vanilijev liker,2.6.2003,,1,,,57,6,27.12.2011,,
6814,Klobučki,26.6.2006,,2,,,42,19,21.11.2013,,
13307,Miklavževi hudički,17.12.2009,,3,120,Za 8 kosov,16,25,12.12.2015,,
14171,Česnova kremna juha,15.9.2010,,2,90,za 5 oseb,15,1,6.9.2010,,
5999,Jajca na oko,26.1.2006,,2,,,32,7,26.11.2011,,
12223,Žametna limonina torta,30.1.2009,,4,4+ ur,Torta 18 cm premera,59,7,12.4.2011,,
11421,Mozart torta po moje,17.5.2008,,4,4+ ur,,68,20,11.5.2014,,
3378,Korenčkovi piškoti,12.3.2004,,2,,,37,6,13.1.2015,,
8386,Črno - bele spirale,8.12.2006,,2,30,,19,4,11.4.2013,,
3781,Čufti po domače ali mesne kroglice,21.6.2004,,1,,za 4. osebe,22,4,22.5.2008,,
18449,Pecivo s pudingom in smetano,7.5.2013,,2,60,,20,5,6.1.2014,,
8381,Parkeljni,8.12.2006,,2,,,55,27,17.12.2014,,
17564,Domači ajvar,1.9.2012,,2,45,,17,5,25.10.2013,,
9858,Bačo torta,19.3.2007,,2,,,40,7,28.1.2014,,
20355,Piščančji tunel,21.4.2015,,2,75,5 oseb,13,7,2.7.2015,,
11061,Panna cotta,14.2.2008,,2,90,10 oseb (po 1dcl),36,5,3.4.2010,,
7021,Kremast sladoled,18.8.2006,,1,15,,44,3,23.7.2008,,
13115,Tunine polpete,26.10.2009,,1,45,,35,9,13.3.2014,,
12002,Sanjski čokoladno čokoladni piškoti,8.12.2008,,2,30,,41,7,16.11.2015,,
1211,Borovničev liker,2.7.2001,,1,,,18,1,1.7.2010,,
8208,Dukati - Cekini,31.10.2006,,2,120,,54,16,9.5.2011,,
3198,Skutin kolač,6.2.2004,,1,45,,43,9,26.11.2014,,
1970,Dobre rezine,28.8.2002,,1,,,13,3,13.6.2012,,
11566,Zelenjavna mineštra s cmočki,23.7.2008,,1,60,,5,3,7.9.2011,,
15058,Chocolate crackles / Razpokani piškoti,30.4.2011,,3,180,24,28,9,23.2.2012,,
12654,Bingo torta,3.6.2009,,3,90,,20,12,21.10.2012,,
2441,Apple crumble,7.3.2003,,1,,,60,7,4.8.2014,,
3201,Korenčkov sok,7.2.2004,,1,120,,30,4,2.9.2016,,
17359,Krompirjevi žepki,4.7.2012,,2,90,25-30 kosov,5,8,27.8.2012,,
12134,Jogurtovi žepki,12.1.2009,,2,120,,7,6,15.2.2016,,
10264,Skutina pita z borovnicami,27.7.2007,,1,90,,15,3,8.1.2009,,
853,Vliti šarkelj,20.2.2001,,3,,,16,9,6.1.2014,,
6752,Parmigiana,13.6.2006,,1,,pekač,27,3,7.12.2013,,
17225,Skutno-jogurtove rezinice (pita),26.5.2012,,2,60,pekač z dimenzijami 18x34 cm,7,4,12.9.2012,,
10176,Rolada z malinami in mascarponejem,25.6.2007,,2,30,15-20 koščkov,10,3,5.11.2013,,
8111,Španski vetrci - pence,14.10.2006,,1,,,27,9,27.6.2016,,
3313,Lena gospodinja,28.2.2004,,1,,,20,1,28.1.2010,,
10802,Vroča čokolada (kot v lokalu),13.12.2007,,1,15,za 6 - 7 oseb,22,2,25.1.2014,,
12738,Melisin sirup,29.6.2009,,1,90,12 l,9,2,8.10.2012,,
8357,Rozen torta - malo drugače,3.12.2006,,3,4+ ur,,154,23,24.9.2016,,
5577,Boeuf Stroganoff,13.10.2005,,2,,,19,1,28.10.2010,,
9411,Lubenice,20.12.2006,,3,,8,55,13,11.4.2013,,
5713,Sirov burek,11.11.2005,,3,,,15,2,19.4.2014,,
5145,Lignji v ponvi za začetnike,8.7.2005,,1,,,22,1,26.1.2009,,
11966,Valizerski rženi kruh,30.11.2008,,2,180,,34,24,27.3.2016,,
18332,Peklensko dobra torta,3.4.2013,,2,90,,74,11,24.6.2013,,
4411,Čokoladni sendvič,12.12.2004,,1,240,30 koščkov,41,3,26.7.2010,,
12253,Skutin narastek,6.2.2009,,1,45,,22,2,31.1.2013,,
309,Češnjeva pita,20.7.2000,,1,,,15,2,8.6.2011,,
13954,"Hruškova marmelada "" Hrušmuš""",16.7.2010,,1,60,500-600 g,41,5,14.9.2015,,
13088,"Saj ne morem verjet, da je to bučkina pita...",19.10.2009,,1,90,,63,12,22.11.2015,,
9871,Kifeljčki,22.3.2007,,2,180,100 mini kifeljčkov,67,19,14.4.2014,,
5775,Makaronova solata,27.11.2005,,1,,za 6 oseb,3,1,25.3.2009,,
10379,Slastno pecivo s slivami,28.8.2007,,2,75,,30,4,22.10.2010,,
4349,Langaš z jogurtom,23.11.2004,,1,,4 osebe,30,1,12.1.2011,,
4472,Orehovi rogljički (brez jajc in mleka),5.1.2005,,1,60,,25,1,7.1.2005,,
1686,Čokoladno - vanilijeva ledena torta,11.2.2002,,3,,,37,3,29.6.2010,,
2102,Kocke Esmeralda,24.10.2002,,3,,,13,5,27.2.2014,,
11605,Vložene narezane kumarice,9.8.2008,,2,75,,22,1,3.8.2008,,
9503,Ajdova kaša z brstičnim ohrovtom,5.1.2007,,1,60,za 2 osebi,29,3,3.3.2008,,Bolj zdrava jed
2666,Rdeča kapica,11.6.2003,,1,,,22,6,15.5.2013,,
11974,Ameriške palačinke s pomarančnim sokom,2.12.2008,,1,15,,43,6,11.1.2013,,
756,Ričet,7.2.2001,,1,,4 do 6 oseb,8,2,10.6.2009,,
13006,Ajvar iz zelenih paradižnikov,27.9.2009,,2,180,cca 10 kg,17,1,6.10.2013,,
15941,Krompirjev golaž,11.11.2011,,2,120,Za 8 oseb,10,1,15.11.2011,,
15416,Švedski cimetovi kolački - Kanelbullar,7.7.2011,,4,120,za 40 kolačkov,25,10,6.2.2016,,
9778,Zelenjavni narastek,26.2.2007,,2,,za 4 osebe.8 kosov,11,1,29.10.2008,,
5024,Cvetačna juha,28.5.2005,,3,30,4 osebe,4,2,12.2.2016,,
12133,Kokosovi rogljički,12.1.2009,,2,90,,7,4,8.3.2012,,
11931,Narastek MM,24.11.2008,,2,90,5 oseb,28,8,8.5.2015,,
17196,Skutino-češnjev štrudelj,18.5.2012,,2,60,za več sladkosnednežev,45,12,12.7.2013,,
11138,Piškoti za žlehtnobe,2.3.2008,,3,120,,31,3,26.5.2014,,
4607,Kokosovi rogljički,4.2.2005,,1,,,22,11,19.12.2011,,
16184,Slani polžki,12.12.2011,,1,60,16 kosov,9,6,9.6.2012,,
1256,Jogurtova strjenka,30.7.2001,,1,,za 10 oseb,14,1,18.1.2007,,
3649,Paradižnikova juha,3.5.2004,,1,,,11,2,12.12.2011,,
7127,Ovsene ploščice,7.9.2006,,1,60,pekač iz pečice (cca. 16 ploščic),61,12,14.12.2014,,
6837,Češnjev štrudelj,30.6.2006,,2,,2 zavitka,18,1,20.6.2006,,
466,Gobova omaka za testenine,30.11.2000,,1,,,14,1,4.9.2007,,
11567,Polževa hišica,23.7.2008,,3,60,dva rebrasta modela,23,11,31.5.2011,,
10083,Višnjeve kroglice,18.5.2007,,2,60,30 kroglic,23,7,25.12.2015,,
10724,Piščanec z arašidi,23.11.2007,,2,30,4 osebe,10,4,27.10.2015,,
8085,Lignji po egejsko,9.10.2006,,2,,za dve osebi,50,3,26.5.2014,,
13745,Šparglji v omaki,24.4.2010,,1,15,Za 4 osebe,6,,,,
10752,Testomat keksi,1.12.2007,,2,30,3 veliki pekači,44,6,19.8.2010,,
12547,Potica z orehi in skuto (potratna potica),25.4.2009,,3,180,,12,7,28.12.2013,,
11349,Morska bomba,19.4.2008,,2,45,za 4 - 5 oseb,20,4,6.9.2012,,
1752,Rižota z morskimi sadeži,14.3.2002,,1,,4,9,1,4.1.2010,,
13682,"Polnjena ""filana"" paprika",6.4.2010,,1,60,,10,5,1.9.2012,,
5898,Jabolčno - skutni zavitek,23.12.2005,,2,,,13,5,18.5.2014,,
18695,Fantastične vložene bučke,18.7.2013,,2,75,4 kozarčki po 370 ml,39,3,5.8.2015,,
16671,Biskvit šefa tort,9.2.2012,,2,45,,24,3,5.4.2012,,
11131,Skutno - sadno pecivo,29.2.2008,,3,75,,7,4,29.8.2013,,
5824,Vložena mešana solata,6.12.2005,,2,180,,54,2,7.10.2006,,
12008,Špecli (Spaetzle),10.12.2008,,1,15,,46,4,21.2.2012,,
5817,Zvite palčke,5.12.2005,,2,,,25,8,30.3.2014,,
5910,Brstični ohrovt v omaki,28.12.2005,,1,15,,23,1,17.11.2006,,
5467,"""Cepkane""  paprike",23.9.2005,,3,,ozimnica,116,10,18.1.2011,,
2684,Bučne polpete,20.6.2003,,1,,,63,7,4.11.2013,,
6707,Vipavski štruklji,7.6.2006,,3,,,21,2,19.10.2008,,
3637,Keksi na strojček,29.4.2004,,1,,,24,2,13.7.2009,,
4344,Domača skuta ali slani sir,22.11.2004,,1,30,600 g,59,3,3.9.2009,,
14488,Piščančja obara,3.12.2010,,1,60,2 osebi,5,2,11.4.2014,,
4491,Zdrobovi cmoki,8.1.2005,,1,,,51,2,13.1.2009,,
9542,Figove kroglice,13.1.2007,,1,,,25,7,2.11.2011,,
5777,Bajadera,27.11.2005,,2,,,13,2,4.1.2007,,
7279,Pečena polenta,6.10.2006,,2,,,4,2,3.1.2015,,
13342,Domača tičino masa,27.12.2009,,2,15,1kg,33,20,4.3.2015,,
14694,Čokoladna krema na sadnem želeju,27.1.2011,,3,120,za šest oseb,29,7,1.1.2014,,
1818,Prekmurska gibanica,28.4.2002,,3,,,13,1,22.1.2010,,
14057,Malinov sladoled z mascarponejem in smetano,10.8.2010,,1,5,1000 ml sladoleda,33,4,10.8.2010,,
16252,Kljukuša,19.12.2011,,2,30,,13,4,26.1.2012,,
10917,Slane palčke,9.1.2008,,2,60,,19,4,11.9.2012,,
9448,Fini orehovi keksi,23.12.2006,,2,,,20,3,11.5.2015,,
4294,Vložena paprika,11.11.2004,,1,,,5,3,24.8.2015,,
6562,Fižolova juha,8.5.2006,,1,,za 4 osebe,27,3,6.2.2016,,
7215,Medvedove šape,24.9.2006,,3,,čez 100 piškotov,31,5,27.9.2014,,
12379,"Kaneloni - mesni, sir - šunka, hrenovke",7.3.2009,,3,120,24 kom,23,8,20.9.2015,,
14754,Pečen krompir s sirom,11.2.2011,,2,45,4 osebe,4,5,11.10.2012,,
15869,Njoki brez krompirja,27.10.2011,,1,15,2 osebi,11,3,27.10.2011,,
13203,Praznična Potica,19.11.2009,,3,120,,12,8,28.3.2016,,
6343,Kokosovo - orehove rezine,2.4.2006,,3,,,5,3,16.1.2011,,
1938,Jabolčno pecivo,16.8.2002,,1,,,22,1,24.4.2013,,
17479,Pizza palačinke,6.8.2012,,2,60,3 osebe,10,3,9.8.2012,,
6591,Prebranec po moje,14.5.2006,,1,,,11,4,12.4.2013,,
5685,Orehovi polžki,2.11.2005,,2,,40 piškotov,35,3,14.4.2009,,
14333,Makaroni v pečici,27.10.2010,,1,45,Za 2 osebi,7,1,15.10.2010,,
2433,Jabolčna pita,5.3.2003,,1,,12,29,9,5.7.2014,,
1395,Buzara s škampi,23.10.2001,,3,,,18,2,30.12.2009,,
5230,Jogurtov biskvit,6.8.2005,,1,,,33,7,4.8.2015,,
6086,Riba v pečici z mešano zelenjavo,12.2.2006,,2,,za 2 osebi,19,4,4.5.2009,,
3109,Rafaelo,11.1.2004,,1,,,32,8,19.4.2013,,
1765,Šparglji iz pečice,21.3.2002,,1,,za 2 osebi,11,6,8.5.2010,,
14602,Seksi keksi,30.12.2010,,2,60,40 enojnih 20 dvojnih,20,7,16.11.2013,,
2223,Makov biskvit,27.11.2002,,1,,,20,5,11.12.2013,,
3048,Rolada brez moke,18.12.2003,,1,,,13,1,27.3.2006,,
14562,Olive v testu,21.12.2010,,1,60,,48,8,31.12.2014,,
14607,Quiche s porom in pršutom,31.12.2010,,2,60,6 oseb,10,3,19.9.2014,,
9878,Biskvitno pecivo,23.3.2007,,2,60,,42,2,10.4.2008,,
3650,Polnjene bučke,3.5.2004,,1,,2,9,1,26.7.2006,,
14723,Pravi pralineji,5.2.2011,,4,180,poljubno,46,26,22.2.2015,,
9360,Česnova bomba,15.12.2006,,1,,,19,2,26.7.2008,,
5977,Rolada,19.1.2006,,1,,,14,5,6.2.2015,,
4624,Vanilijeva krostata s sadjem,7.2.2005,,2,,,30,4,11.6.2009,,
6265,Losos v smetanovi omaki,1.4.2006,,2,,,16,2,13.2.2012,,
10710,Jabolčno - skutina pita,20.11.2007,,3,60,,15,3,16.4.2011,,
4209,Brizgano čajno pecivo,22.10.2004,,3,,,34,7,25.12.2014,,
1523,Kvašen sadni kruh,4.12.2001,,3,,,12,4,13.12.2007,,
12669,Mesna pita,7.6.2009,,2,45,8 oseb,11,6,5.4.2015,,
13992,Bučkini zvitki s sirom in baziliko,21.7.2010,,1,30,Za 3 do 4 osebe.,11,3,24.9.2013,,
16020,Abbraci-ji,25.11.2011,,2,120,,17,8,17.8.2013,,
11843,Gratinirane bučke s krompirjem,20.10.2008,,1,60,4 osebe,14,3,13.10.2008,,
3475,Čupavci,27.3.2004,,1,,,13,3,16.7.2014,,
10178,Piščančji zrezki v omaki,26.6.2007,,2,75,za 2 osebi,20,2,23.6.2007,,
6576,Pita s skuto,11.5.2006,,2,60,en klasičen pekač,24,6,21.10.2011,,
4351,Čokoladno - orehova torta,25.11.2004,,3,4+ ur,12 kosov,25,6,2.4.2012,,
17240,Bela nevesta,30.5.2012,,1,45,,11,2,17.7.2014,,
3607,Sladka pita s skuto,21.4.2004,,3,,,8,4,27.5.2015,,
6405,Žarbo kocke,12.4.2006,,3,,,53,5,3.11.2009,,
11385,"Gratinirane testenine s paradižnikom, olivami, feto in baziliko",3.5.2008,,2,60,za 3 - 4 osebe (pekač premera 24 cm),10,1,26.4.2008,,
6431,Munchmallow,15.4.2006,,2,45,,3,3,19.4.2012,,
6485,Kostanjeva torta,23.4.2006,,3,,,78,16,2.12.2015,,
17048,Gratinirana zelenjava,19.4.2012,,1,45,4 osebe,6,1,19.4.2012,,
10740,Kljukuša s piščancem,29.11.2007,,1,90,za 4 osebe,30,7,23.7.2012,,
6258,Tzatziki,1.4.2006,,1,,,22,1,23.6.2006,,
12093,Orehova potica,6.1.2009,,3,120,,8,2,29.12.2008,,
4640,Hitra tunina omaka,10.2.2005,,1,,1,14,2,27.8.2012,,
10404,Božična marmelada,1.9.2007,,2,90,,31,3,6.1.2012,,
17168,Jagodno čokoladna torta Hershey's,7.5.2012,,3,4+ ur,12 oseb,59,21,4.6.2016,,
3459,Bananine rezine,25.3.2004,,1,,,22,4,11.7.2013,,
10899,Bele kocke,5.1.2008,,2,15,,20,7,3.1.2015,,
10983,Masa za oblikovanje 3D tort,23.1.2008,,3,180,,84,28,30.11.2015,,
3938,Domača čokolada,15.8.2004,,3,,,46,13,14.12.2014,,
18455,Carski praženec iz pečice,8.5.2013,,1,5,2 osebi/22 do 24cm ponev ali pekač,37,5,3.9.2013,,
5258,Sočen Jelka biskvit,19.8.2005,,3,,,32,2,1.11.2009,,
18893,Tortica v skodelici,28.9.2013,,1,5,1 mini tortica za 1 osebo,45,6,16.8.2015,,
9345,Bogatašev cekin,30.11.2006,,4,90,,35,4,29.12.2008,,
12128,Jabolčno skutina zloženka iz vlečenega testa,11.1.2009,,2,90,1 pekač 37 x 29 cm,11,2,9.9.2011,,
3871,Bučke z jajci,25.7.2004,,1,,,20,4,1.9.2012,,
6036,Puranji golaž z zelenjavo,4.2.2006,,3,45,za 3 do 4 osebe,35,4,15.9.2010,,
5863,Kakijevo pecivo,15.12.2005,,1,,,14,1,7.12.2008,,
171,Blitvine polpete,1.9.1999,,1,,,31,4,24.8.2013,,
16187,Čokoladne sanje,12.12.2011,,3,60,20 kosov,11,1,12.12.2011,,
14583,Angelski keksi,24.12.2010,,1,120,,11,5,28.11.2014,,
18140,Krompirjev golaž - Migla,10.2.2013,,2,60,4 osebe,11,4,14.7.2014,,
18043,"Krompirček, da te kap",9.1.2013,,2,150,,19,2,24.1.2013,,
350,Krhki flancati,8.2.1999,,1,,,25,6,28.2.2016,,
1925,Vložene bučke (cukete),11.8.2002,,1,,,12,,,,
11984,Marcipanovi srčki z rumom,4.12.2008,,2,120,(okoli 50 kosov),36,6,19.12.2011,,
3174,Markovi piškoti,1.2.2004,,3,,,45,16,4.10.2014,,
4990,Hladna čokoladna torta z jagodami,15.5.2005,,3,4+ ur,12 kosov,22,4,1.8.2012,,
12703,Majska torta,16.6.2009,,3,4+ ur,torta,34,10,30.9.2014,,
4955,Biskvitne rezine z jagodami,3.5.2005,,2,,,34,8,13.6.2012,,
6673,Sočno pecivo z zdrobom,31.5.2006,,3,,,10,3,7.11.2011,,
8168,Mini kokosove rezine,23.10.2006,,2,,,30,6,28.10.2012,,
13551,Ajdovi žganci na koroški način,1.3.2010,,2,30,za 4 osebe,15,1,30.10.2014,,
18950,Krešent piškoti,17.10.2013,,1,45,cca. 30 kosov,21,6,7.12.2013,,
1312,Jogurtove palačinke,1.9.2001,,1,,,14,3,5.4.2015,,
8340,Muffini iz pirine moke,30.11.2006,,3,45,Petrina kuhinja,11,4,27.2.2014,,
13680,Kokosova bela pita,6.4.2010,,4,90,,8,2,12.4.2010,,
18506,Enostavno dobre tortilje,23.5.2013,,2,75,za 8 tortilj,11,3,,,
11582,Polnjene palačinke z mletim mesom,30.7.2008,,2,90,10-12 palačink,18,6,23.7.2008,,
4118,Pečen puding,6.10.2004,,1,,,33,1,12.10.2005,,
16173,Slastni obloženi kruhki malo drugače,9.12.2011,,1,45,za 4 osebe,11,5,15.12.2011,,
10849,Istrski cukarini,24.12.2007,,2,120,za 50 kosov,67,21,27.1.2015,,
276,Šobska solata,6.4.2000,,1,,,15,2,11.11.2010,,
5839,Bujta repa,12.12.2005,,3,,,7,1,27.1.2009,,
12154,Zapečena polenta s paradižnikom,16.1.2009,,2,90,za šest oseb,19,3,23.2.2012,,
11081,Flancati - kvašeni,20.2.2008,,2,90,5,4,1,9.2.2008,,
10239,Goveji golaž,12.7.2007,,3,180,,24,1,9.7.2007,,
4496,Svinjska ribica v testu,9.1.2005,,2,,,11,3,26.12.2008,,
19909,Testo za pico,23.8.2014,,2,75,4 osebe,14,4,28.4.2016,,
5963,Sadno - zelenjavna nabodala s pršutom,15.1.2006,,1,,za 10 oseb,9,4,2.6.2013,,
1385,Domača gobova juha,15.10.2001,,1,,,10,1,12.3.2006,,
5796,Biskvitne jabolčne rezine,1.12.2005,,2,,,16,2,22.10.2010,,
7273,Jaffa kocke,6.10.2006,,3,90,Pekač 36 x 20 cm,24,8,28.11.2014,,
6828,Rižota z mletim mesom,29.6.2006,,3,,za 4 osebe,20,2,24.4.2012,,
16933,Skutna rolada z breskovo čežano,6.4.2012,,2,60,za več sladkosnedcev,22,11,2.4.2014,,
11637,Brancin v pečici,19.8.2008,,2,60,2 osebi,7,2,10.9.2010,,
10458,Grška torta,13.9.2007,,2,120,,59,8,6.12.2015,,
16008,Njami špageti,24.11.2011,,2,120,za 4 osebe,11,10,21.3.2014,,
4796,Gobova omaka,15.3.2005,,2,,,15,,,,
2600,Hobotnica pod peko z mladim krompirjem,15.5.2003,,3,,6,16,2,23.6.2009,,
8404,Skutni talarji,12.12.2006,,1,30,12 talarčkov,24,3,27.12.2010,,
4550,Ameriški ponvičniki,24.1.2005,,1,60,,77,13,15.11.2011,,
1885,Babičino pecivo,9.7.2002,,1,75,,21,6,15.5.2015,,
11151,Smetanove rezine A1,4.3.2008,,1,45,12 kosov,27,9,17.4.2016,,
10504,Njoki moje mame,26.9.2007,,1,60,za 4 osebe,23,2,28.9.2008,,
6460,Slane palčke 1,19.4.2006,,1,30,,31,5,1.6.2009,,
17259,Orehova rulada z jagodami in belo čokolado,6.6.2012,,2,90,15 kosov,28,5,28.6.2012,,
3406,Čokoladni muffini,16.3.2004,,1,,12 kosov,21,6,31.8.2009,,
9924,Zelenjavna obara,31.3.2007,,1,90,4 osebe,10,2,16.6.2008,,
6398,Jagodna rolada,11.4.2006,,2,45,,18,7,30.1.2011,,
1891,Nadevana paprika,16.7.2002,,1,,6-8 oseb,16,1,11.8.2005,,
6580,Čokoladni liker,12.5.2006,,2,60,,11,1,24.6.2010,,
7030,Vampi - mamini,21.8.2006,,2,,,14,2,22.7.2009,,
6129,Preprosti skutini štruklji,21.2.2006,,1,60,4,34,2,5.5.2010,,
8186,Torta Sacher,27.10.2006,,4,,za 12 kosov,53,7,14.11.2011,,
4407,Makaronovo meso,16.12.2004,,1,,,11,1,10.11.2007,,
10096,Biskvit brez jajc in mleka,23.5.2007,,2,60,,15,1,6.9.2007,,
4334,Bela čokoladna torta,20.11.2004,,3,4+ ur,12 kosov,36,11,2.5.2011,,
2257,Pašta s fižolom,15.12.2002,,3,,cca. 4 osebe,12,2,16.1.2011,,
16715,Sladke limone,16.2.2012,,2,240,,11,7,2.6.2013,,
743,Jabolčna pita,2.2.2001,,3,,,16,5,30.11.2015,,
15988,Goveji zrezki v naravni omaki,20.11.2011,,3,75,Za 4 osebe,8,,,,
18895,Dušeno sladko zelje + VIDEO priprave,1.10.2013,,1,45,8,13,2,9.2.2015,,
14283,Potratna potica,18.10.2010,,2,180,,,1,,,
3119,Žemlje,13.1.2004,,3,,16,28,4,3.11.2012,,
8092,Vodeni žličniki,10.10.2006,,1,,,30,1,18.7.2007,,
1778,Čebulna pita po francosko,7.4.2002,,1,,,22,5,21.2.2012,,
5493,Jogurtovo pecivo s pehtranom,3.10.2005,,1,,,29,4,25.7.2015,,
6365,Breskvice,5.4.2006,,3,,približno 30,26,21,18.9.2016,,
3025,Novoletne sarme,10.12.2003,,3,,za 6 oseb,21,3,1.2.2015,,
11194,Slani mafini,13.3.2008,,1,60,,14,1,10.3.2008,,
3246,Riževe kroglice,16.2.2004,,1,,,28,6,26.2.2011,,
10238,Bučni polpeti po Paulino,12.7.2007,,2,30,za 4-5 oseb,26,4,17.6.2012,,Bolj zdrava jed
1863,Orehov liker,25.6.2002,,1,,,10,3,13.10.2013,,
14595,Sadni muffini,29.12.2010,,1,60,12 kosov,9,2,22.12.2010,,
15042,Jagodna rezina na hitro,21.4.2011,,1,30,36 velikih kosov,9,1,14.4.2011,,
14274,Lešnikovi cupcakes,17.10.2010,,2,60,24kom,15,8,24.5.2011,,
10406,Gosti jagodni sok.,1.9.2007,,2,90,,6,2,18.6.2011,,
14896,Brzak,19.3.2011,,1,5,1,42,7,4.5.2014,,
17208,Višnjevo pecivo,22.5.2012,,1,75,,17,7,12.1.2015,,
11058,Zdrobova juha s korenčkom,9.2.2008,,1,15,1 krožnik,28,3,3.2.2013,,
11429,Pozabljen kruh,21.5.2008,,1,60,10 oseb,14,4,24.9.2015,,
8221,Jabolčna marmelada z medom,3.11.2006,,2,45,4 kozarčki,28,1,26.10.2006,,
13292,Klobčiči,14.12.2009,,2,120,,34,13,11.12.2013,,
14643,Bučkoti,12.1.2011,,3,120,približno 60 komadov,16,14,7.12.2015,,
3892,Škampi na buzaro,31.7.2004,,3,,,7,1,4.8.2012,,
15747,Sirup iz domačega grozdja,27.9.2011,,1,75,cca 5 litrov,16,1,28.9.2011,,
12284,Lincer piškoti,13.2.2009,,2,180,90 piškotov ,19,16,17.12.2014,,
11311,Zelenjavna pita,12.4.2008,,2,45,,8,6,4.11.2013,,
4191,Piščanec pečen na soli,20.10.2004,,1,,,92,6,4.11.2010,,
16974,Piškotki - skutni štrukeljčki,12.4.2012,,3,90,,10,6,19.9.2014,,
6716,Metin liker,8.6.2006,,1,4+ ur,,17,1,3.6.2006,,
11426,Sladoled za ljubitelje Nutelle,20.5.2008,,1,30,,36,7,14.6.2010,,
17797,Limonino jogurtov kolač,1.11.2012,,1,45,,9,4,1.6.2013,,
1364,Lambada,25.9.2001,,1,,,10,4,6.7.2015,,
133,Lazanja,24.11.1998,,3,,,10,2,11.9.2012,,
11036,Goveji vampi,4.2.2008,,2,120,,10,2,12.11.2015,,
15746,Rezina lene gospodinje,27.9.2011,,1,60,za več oseb,6,5,11.11.2013,,
10169,Bučke s paradižnikom in sirom,23.6.2007,,1,60,Za eno osebo,31,2,8.8.2008,,
4749,Zelo rahel polnozrnat kruh s semeni  v kruhomatu,6.3.2005,,1,180,1 kg,42,4,16.2.2009,,Bolj zdrava jed
11991,Mlečni riž,5.12.2008,,3,30,za 6 oseb,19,2,12.11.2014,,
10225,Solata iz stročjega fižola,7.7.2007,,2,120,,17,4,27.9.2007,,
5427,Bezgova marmelada,24.9.2005,,2,120,4 mali kozarčki,22,2,15.9.2008,,
469,Makova potica,30.11.2000,,1,,,21,4,25.12.2014,,
10130,Sticky fingers,7.6.2007,,2,15,,37,3,19.12.2007,,
11032,Kakijeva marmelada,3.2.2008,,2,75,"pribl.10-12 kozarcev po 3,7 dl",15,3,5.11.2014,,
6013,Ajdova kaša z jurčki,30.1.2006,,2,,,21,2,15.5.2006,,
2463,Njoki s pečeno zelenjavo,19.3.2003,,1,,za 2 osebi,20,5,1.8.2010,,
13622,Grahova kremna juha,19.3.2010,,1,30,5 krožnikov,8,4,4.12.2014,,
11658,Sok iz breskev in korenčka,28.8.2008,,1,90,,23,4,13.6.2016,,
10366,Bučkina omaka,23.8.2007,,2,30,,18,1,3.9.2007,,
1780,Čebulna omaka,7.4.2002,,1,,,16,,,,
1410,Aleševa polnjena pleskavica,4.11.2001,,1,,1,26,3,12.8.2010,,
9805,Rojstnodnevno pecivo,3.3.2007,,3,,,34,72,6.3.2014,,
4399,Domači jajčni rezanci,14.12.2004,,1,,,42,10,15.8.2014,,
17486,Torta mascarpone-jogurt,8.8.2012,,2,120,,12,6,29.10.2013,,
14722,Bounty,5.2.2011,,1,30,20 kosov,37,4,7.9.2015,,
14857,Jabolčna pita s puhasto kapo,8.3.2011,,2,90,model za torto s premerom 26cm,17,3,26.5.2014,,
3040,Kinder Pingvin,14.12.2003,,1,,10-12 oseb,20,2,3.1.2007,,
10702,Prekmurski dodoli - DÖDÖLI,19.11.2007,,3,30,za 4 - 6 oseb,33,2,11.3.2009,,
18281,Gozdna pravljica,16.3.2013,,2,30,za 7 šalčk,13,6,21.7.2015,,
19797,Mesne kroglice v paradižnikovi omaki,4.7.2014,,4,120,za 5 oseb,7,2,9.1.2015,,
2511,Teranov liker I,5.4.2003,,1,,,41,1,4.1.2006,,
5247,Polnjene bučke,15.8.2005,,1,,za 2 osebi,18,1,2.8.2005,,
5946,Čokoladni kolač,10.1.2006,,2,60,za dva pekača za srnin hrbet,33,7,1.1.2016,,
16917,Bučni polpeti,5.4.2012,,1,15,za 2 osebi,9,5,23.7.2012,,
6712,Panji,8.6.2006,,5,,,134,11,6.1.2014,,
11837,Zelo čokoladna torta,17.10.2008,,3,90,,57,10,15.10.2009,,
7239,Bograč po receptu moje mame,29.9.2006,,3,,,3,1,2.10.2006,,
3168,Tortilje z zelenjavo in mesom,29.1.2004,,1,,za 4 osebe,11,1,18.3.2008,,Bolj zdrava jed
16388,Praznična potica,5.1.2012,,4,120,26 kosov,14,10,19.4.2014,,
1296,Skalce,20.8.2001,,1,,2 pekača,47,4,24.11.2015,,
3913,Bučkin kompot z belim vinom,8.8.2004,,3,,,33,6,23.8.2014,,
6971,Skutina torta z borovnicami in malinami,6.8.2006,,2,,,24,5,22.12.2010,,
5437,Bučkina juha,28.9.2005,,1,,za 4 osebe,14,1,13.9.2008,,
8389,Čokoladne rezine s kislo smetano,9.12.2006,,2,,,8,2,11.5.2014,,
10584,Korenčkova juha z zdrobom,20.10.2007,,2,30,,15,1,28.10.2007,,
13785,Monte,9.5.2010,,3,120,,17,1,3.5.2010,,
13266,Breskvina roladna bomba,7.12.2009,,3,60,,10,11,26.5.2015,,
9679,Pasulj,9.2.2007,,1,,,13,1,6.3.2008,,
13552,Hrustljavi čokoladni piškoti s tekočo sredico,1.3.2010,,1,45,cca 25 piškotov,12,3,19.12.2011,,
10637,Praline,2.11.2007,,2,30,za 20 kosov,63,18,28.11.2014,,
1404,Panna cotta,30.10.2001,,1,15,,26,2,24.10.2010,,
14394,"""Janezove"" sarme",10.11.2010,,4,240,12 oseb,4,3,1.1.2012,,
3096,Boemi,6.1.2004,,3,90,pekač 23 x 36 cm,47,7,4.1.2010,,
2965,Slani polžki,7.11.2003,,2,120,približno 40 kosov,9,6,2.11.2011,,
14159,Ajrinina torta,12.9.2010,,4,120,,59,17,26.8.2013,,
10252,Bounty malo drugače,22.7.2007,,3,120,,11,1,3.10.2011,,
9692,Bananini mafini z ovsenimi kosmiči,12.2.2007,,1,45,12 kosov,17,3,10.3.2014,,
12455,Browniji,29.3.2009,,1,45,1 večji pekač,11,2,27.3.2009,,
4343,Čokoladna rolada z banano,22.11.2004,,1,4+ ur,12 kosov,10,3,8.5.2010,,
5196,Morska rižota a´la tej,24.7.2005,,2,45,2,23,3,6.7.2015,,
858,Ajdova kaša s skuto,23.2.2001,,1,,,12,1,1.3.2010,,Bolj zdrava jed
10742,Mandljevi hrustavčki,29.11.2007,,1,30,40 piškotov,28,9,24.2.2013,,
4114,Makovo pecivo,5.10.2004,,1,,,15,2,8.9.2014,,
11887,Hitra pita,9.11.2008,,2,45,,16,8,11.4.2014,,
10222,Bananino pecivo,7.7.2007,,1,60,,12,4,25.4.2015,,
14676,Krompirjevi svaljki,21.1.2011,,2,45,,29,4,17.1.2011,,
6050,Bela omaka,7.2.2006,,1,,za 4 osebe,24,2,23.2.2012,,
14501,Bananine rezine,6.12.2010,,2,45,,7,3,18.9.2012,,
12522,"Ajdove palačinke s špinačo, sirom in gobami",15.4.2009,,2,60,4 palačinke / 2 osebi kot glavna jed ,14,3,6.10.2010,,
4706,Pivska pizza,23.2.2005,,2,60,4 zelo lačne,51,5,11.3.2015,,
7006,Pehtranov zavitek,14.8.2006,,1,,2 zavitka,11,9,24.6.2016,,
213,Polnjeni šampinjoni,7.7.1998,,1,,,12,2,15.2.2016,,
14211,"Biskvitno pecivo z okusom jabolk, skute in vaniljevo noto",28.9.2010,,2,60,,8,1,19.9.2010,,
1301,Bograč,23.8.2001,,3,,6 do 8 ljudi,29,1,29.6.2009,,
4681,Čokoladna torta z maskarpone sirom,17.2.2005,,3,4+ ur,12 kosov,15,4,14.6.2013,,
12951,Lazanjini zvitki,13.9.2009,,3,60,2 osebi,19,11,15.7.2013,,
5452,Breskvice,1.10.2005,,3,,,57,11,23.10.2015,,
11863,"Enostavna, mešana solata v  škafu",27.10.2008,,2,75,,30,3,15.8.2009,,
12493,Prijatelj noči,6.4.2009,,3,120,pekač 25 x 38 cm,30,7,20.1.2011,,
14099,Pereci s šunko in sirom,26.8.2010,,2,180,96 kosov,6,5,14.8.2010,,
10299,Murkov zos,6.8.2007,,2,45,Za 4 do 5 oseb,11,1,18.8.2008,,
17986,Blejska grmada II,26.12.2012,,2,60,,7,6,15.9.2014,,
10800,Čokoladni srčki,13.12.2007,,3,4+ ur,60 piškotkov velikosti 4 cm,40,9,21.12.2012,,
5687,Eklerji,2.11.2005,,3,120,18 kosov,40,12,12.7.2015,,
4728,Pol koruzni kruh,2.3.2005,,3,120,,21,10,3.6.2016,,
2055,Enostavni sirovi štruklji,29.9.2002,,1,,,50,3,28.8.2014,,
11103,Riževe kroglice s sirom,24.2.2008,,1,60,,14,1,29.10.2010,,
6147,Piščančja rižota z veliko zelenjave,24.2.2006,,1,45,2,16,1,27.2.2006,,
1768,Pletenica s tremi nadevi,23.3.2002,,3,150,približno 15 kosov,25,10,25.5.2011,,
6354,Genijalno testo za cvrenje,4.4.2006,,2,,,40,2,24.8.2007,,
4419,Testo za pico,19.12.2004,,1,,,16,,,,
10751,Marmorni kolač,1.12.2007,,2,75,,9,1,27.11.2007,,
11371,Kokosovo bananina rezina Maja,26.4.2008,,2,45,,13,6,22.11.2015,,
14485,Ana Bekuta,2.12.2010,,2,45,1 velik pekač,22,4,4.3.2013,,
4126,Segedin golaž,7.10.2004,,3,,,17,1,16.10.2006,,
3872,Ohridske rezine,25.7.2004,,3,,,26,2,26.7.2008,,
3761,Bounty pecivo,17.6.2004,,1,,,22,1,29.12.2011,,
12056,Lanina torta,22.12.2008,,2,180,,45,26,9.9.2016,,
342,Kokosove rezine,30.10.1999,,1,,,5,2,8.8.2011,,
14632,Novoletna torta,8.1.2011,,2,30,12,14,6,13.10.2013,,
6336,Mini princeske,30.3.2006,,2,,pibližno 60 kosov,27,5,28.12.2009,,
1423,Čičerika iz lonca,6.11.2001,,1,,2,19,1,13.11.2009,,
18421,Pravi francoski čokoladni mousse,25.4.2013,,2,30,6,23,13,14.11.2014,,
